es	de	lektion
para empezar	um zu beginnen	Para empezar
¿Cómo te llamas?	Wie heißt du?	Para empezar
¿Cómo?	Wie?	Para empezar
Buenos días.	Guten Morgen. Guten Tag.	Para empezar
el día	Tag	Para empezar
me llamo	ich heiße	Para empezar
soy	ich bin	Para empezar
el/la profesor/a de español	Spanischlehrer/in	Para empezar
el español	Spanisch	Para empezar
Hola.	Hallo.	Para empezar
Buenas tardes.	Guten Tag. Guten Abend.	Para empezar
la tarde	Nachmittag	Para empezar
y	und	Para empezar
usted	Sie (Singular)	Para empezar
¿Cómo está?	Wie geht es Ihnen?	Para empezar
bien	gut	Para empezar
gracias	danke	Para empezar
¿Qué tal?	Wie geht's?	Para empezar
tú	du	Para empezar
Buenas noches.	Guten Abend. Gute Nacht.	Para empezar
la noche	Nacht	Para empezar
¿Cómo se llama usted?	Wie heißen Sie?	Para empezar
regular	mittelmäßig; hier: es geht so	Para empezar
la carrera universitaria	Universitätslaufbahn, Studium	Para empezar
las ciencias de la salud	Gesundheitswissenschaft	Para empezar
la ciencia	Wissenschaft	Para empezar
la farmacia	Pharmazie	Para empezar
la medicina	Medizin	Para empezar
la veterinaria	Tiermedizin	Para empezar
la enfermería	Krankenpflege	Para empezar
la odontología	Zahnmedizin	Para empezar
la logopedia	Logopädie	Para empezar
las ciencias sociales	Sozialwissenschaften	Para empezar
las ciencias jurídicas	Rechtswissenschaften	Para empezar
el derecho	Recht, Jura	Para empezar
la economía	Wirtschaft	Para empezar
las finanzas	Finanzen, Finanzwesen	Para empezar
el trabajo social	Sozialarbeit	Para empezar
social	sozial, gesellschaftlich	Para empezar
las ciencias políticas	Politikwissenschaften	Para empezar
las relaciones laborales	Unternehmensorganisation, Personalwesen	Para empezar
la relación	Bezug, Beziehung; Kontakt	Para empezar
el arte	Kunst	Para empezar
las humanidades	Geisteswissenschaften	Para empezar
las bellas artes	Schöne Künste	Para empezar
la historia	Geschichte	Para empezar
el periodismo	Journalismus, Publizistik	Para empezar
la filología	Philologie, Sprachwissenschaft	Para empezar
portugués/-esa	portugiesisch	Para empezar
la geografía	Geographie	Para empezar
las lenguas modernas	moderne Sprachen	Para empezar
la lengua	Sprache	Para empezar
la arquitectura	Architektur	Para empezar
e	und (vor i-, hi-)	Para empezar
la ingeniería	Ingenieurwesen, Maschinenbau	Para empezar
la ingeniería industrial	Wirtschaftsingenieurwesen, Industrietechnik	Para empezar
la ingeniería civil	Bauingenieurwesen	Para empezar
el diseño industrial	Industriedesign	Para empezar
la ingeniería informática	Informatik	Para empezar
la gestión de proyectos	Projektmanagement	Para empezar
la planificación de paisaje	Landschaftsplanung	Para empezar
las ciencias	Naturwissenschaften	Para empezar
la física	Physik	Para empezar
la química	Chemie	Para empezar
las matemáticas	Mathematik	Para empezar
la biología	Biologie	Para empezar
la biotecnología	Biotechnologie	Para empezar
¿Qué significa…?	Was bedeutet …?	Para empezar
significar	bedeuten	Para empezar
¿Cómo se pronuncia…?	Wie spricht man … aus?	Para empezar
las frases útiles	nützliche Sätze	Para empezar
el mundo hispanohablante	die spanischsprachige Welt	Para empezar
la ciudad	Stadt	Para empezar
la persona	Person	Para empezar
la gastronomía	Gastronomie	Para empezar
la música	Musik	Para empezar
el monumento	Monument	Para empezar
la naturaleza	Natur	Para empezar
¿Cómo se escribe?	Wie schreibt man das?	Para empezar
tu	dein/e	Para empezar
el nombre	(Vor)Name	Para empezar
el apellido	Nachname	Para empezar
con	mit	Para empezar
o	oder	Para empezar
sin	ohne	Para empezar
el acento	Akzent	Para empezar
la diéresis	Umlaut	Para empezar
la m mayúscula	großes M	Para empezar
la m minúscula	kleines M	Para empezar
en	in, an, auf	Unidad 1
la universidad	Universität	Unidad 1
¿Qué es la universidad?	Was ist die Universität?	Unidad 1
¿Qué?	Was?	Unidad 1
es	ist	Unidad 1
el laboratorio	Labor	Unidad 1
la excursión	Ausflug, Exkursion	Unidad 1
la cultura	Kultur	Unidad 1
el horario	Stundenplan	Unidad 1
el título	Titel, Studienabschluss	Unidad 1
el deporte	Sport	Unidad 1
la fiesta	Fest, Feier	Unidad 1
la asociación	Verbindung, Verein, Verband	Unidad 1
la biblioteca	Bibliothek	Unidad 1
el examen	Prüfung	Unidad 1
el/la amigo/-a	Freund/in	Unidad 1
la investigación	Untersuchung, Forschung	Unidad 1
para mí	für mich	Unidad 1
somos	wir sind	Unidad 1
España	Spanien	Unidad 1
nacional	national	Unidad 1
de	von, aus	Unidad 1
Colombia	Kolumbien	Unidad 1
la sede	Sitz	Unidad 1
el país	Land	Unidad 1
el programa	Programm	Unidad 1
el pregrado	Grundstudium	Unidad 1
el doctorado	Doktortitel, Promotion	Unidad 1
la maestría	Master (akademischer Grad)	Unidad 1
la especialidad	Spezialgebiet	Unidad 1
la revista	Zeitschrift	Unidad 1
el grupo	Gruppe	Unidad 1
la beca	Stipendium	Unidad 1
la movilidad	Mobilität; Beweglichkeit	Unidad 1
el continente	Kontinent	Unidad 1
la red	Netz(werk)	Unidad 1
el museo	Museum	Unidad 1
la facultad	Fakultät	Unidad 1
el/la docente	Dozent/in	Unidad 1
la actividad de deporte	Sportaktivität	Unidad 1
el/la estudiante	Student/in, Schüler/in	Unidad 1
las prácticas	Praktikum	Unidad 1
la empresa	Unternehmen, Firma	Unidad 1
los estudios	Studium	Unidad 1
el lugar	Ort, Platz, Stelle	Unidad 1
extraacadémico/-a	außerakademisch	Unidad 1
el/la	der/die/das (bestimmter Artikel)	Unidad 1
un/una	ein/eine (unbestimmter Artikel)	Unidad 1
unos/unas	einige	Unidad 1
el ojo	Auge; hier: Achtung	Unidad 1
la cifra	Ziffer, Zahl	Unidad 1
tiene … años	sie ist … Jahre alt	Unidad 1
tener	haben	Unidad 1
el año	Jahr	Unidad 1
aproximadamente	etwa, ungefähr	Unidad 1
el Caribe	Karibik	Unidad 1
actualmente	zurzeit	Unidad 1
tenemos	wir haben	Unidad 1
más de	mehr als	Unidad 1
otros/-as	andere	Unidad 1
tienen	sie haben	Unidad 1
el posgrado	Aufbaustudium	Unidad 1
yo	ich	Unidad 1
él/ella	er/sie	Unidad 1
nosotros/nosotras	wir	Unidad 1
vosotros/vosotras	ihr	Unidad 1
ellos/ellas	sie (Plural)	Unidad 1
ustedes	Sie (Plural)	Unidad 1
el tándem	(Sprach-)Tandem; Tandempartner/in	Unidad 1
mi	mein/e	Unidad 1
el número de teléfono	Telefonnummer	Unidad 1
el/la hispanohablante	Spanischsprecher/in	Unidad 1
no	nein; kein/e	Unidad 1
sí	ja; doch, schon	Unidad 1
la tarea final	Abschlussaufgabe	Unidad 1
el primer día	der erste Tag	Unidad 1
el contacto	Kontakt	Unidad 1
estos/-as son	das sind	Unidad 1
ser	sein	Unidad 1
sois	ihr seid	Unidad 1
también	auch	Unidad 1
pero	aber	Unidad 1
hoy	heute	Unidad 1
la clase de inglés	Englischunterricht	Unidad 1
el inglés	Englisch	Unidad 1
aquí	hier	Unidad 1
¿Es usted la señora Ríos?	Sind Sie Frau Ríos?	Unidad 1
el/la señor/a	Herr/Frau	Unidad 1
soy yo	das bin ich	Unidad 1
el/la estudiante en prácticas	Praktikant/in	Unidad 1
claro	klar, natürlich	Unidad 1
bienvenido/-a	willkommen	Unidad 1
¿Cómo estás?	Wie geht es dir?	Unidad 1
¿De dónde…?	Woher …?	Unidad 1
eres	du bist	Unidad 1
este/-a es	das ist	Unidad 1
el/la bibliotecario/-a	Bibliothekar/in	Unidad 1
encantado/-a	sehr erfreut	Unidad 1
Perú	Peru	Unidad 1
el/la catedrático/-a	(Hochschul-)Professor/in	Unidad 1
del	vom, aus dem	Unidad 1
el departamento	Abteilung, Fachbereich	Unidad 1
mucho gusto	angenehm	Unidad 1
muy	sehr	Unidad 1
el/la profesor/a invitado/-a	Gastdozent/in	Unidad 1
este/-a	diese/r/s	Unidad 1
el semestre	Semester	Unidad 1
el/la rector/a	Rektor/in	Unidad 1
el/la trabajador/a	Mitarbeiter/in	Unidad 1
el/la becario/-a	Stipendiat/in	Unidad 1
el/la informático/-a	Informatiker/in	Unidad 1
el/la representante de alumnos	Studentenvertreter/in	Unidad 1
el/la alumno/-a	Schüler/in, Student/in	Unidad 1
el/la auxiliar médico/-a	medizinische Hilfskraft, Arzthelfer/in	Unidad 1
el/la administrativo/-a	Verwaltungsangestellte/r, Sachbearbeiter/in	Unidad 1
el/la camarero/-a	Kellner/in	Unidad 1
el/la asistente social	Sozialarbeiter/in	Unidad 1
la profesión	Beruf	Unidad 1
presentarse	sich vorstellen	Unidad 1
los datos personales	Angaben zur Person	Unidad 1
personal	persönlich	Unidad 1
la cuenta	Konto	Unidad 1
la red social	soziales Netz(werk)	Unidad 1
la edad	Alter	Unidad 1
la dirección	Adresse	Unidad 1
el lugar de origen	Herkunftsort	Unidad 1
el correo electrónico	E-Mail(-Adresse)	Unidad 1
de apellido	mit Nachnamen	Unidad 1
¿Qué haces?	Was machst du (beruflich)?	Unidad 1
hacer	machen	Unidad 1
¿Qué estudias?	Was studierst du?	Unidad 1
estudiar	studieren; lernen	Unidad 1
estudio	ich studiere	Unidad 1
¿Cuántos años tienes?	Wie alt bist du?	Unidad 1
¿Cuántos/-as?	Wie viele?	Unidad 1
¿Cuál es tu…?	Wie lautet dein/e …?	Unidad 1
cuál/es	welche/r/s, was für ein/e	Unidad 1
la calle	Straße	Unidad 1
la arroba (@)	At-Zeichen, Klammeraffe	Unidad 1
el punto (.)	Punkt	Unidad 1
el guion (-)	Bindestrich	Unidad 1
el guion bajo (_)	Unterstrich	Unidad 1
la ficha	Karteikarte; hier: Steckbrief	Unidad 1
el idioma	Sprache	Unidad 1
la afición	Neigung, Hobby	Unidad 1
Italia	Italien	Unidad 1
vivo	ich wohne	Unidad 1
vivir	wohnen, leben	Unidad 1
el/la chico/-a	junge/r Mann/Frau	Unidad 1
Rusia	Russland	Unidad 1
Brasil	Brasilien	Unidad 1
hablo	ich spreche	Unidad 1
hablar	sprechen	Unidad 1
el francés	Französisch	Unidad 1
ahora	jetzt	Unidad 1
aprendo	ich lerne	Unidad 1
aprender	lernen	Unidad 1
Latinoamérica	Lateinamerika	Unidad 1
busco	ich suche	Unidad 1
buscar	suchen	Unidad 1
para	um … zu	Unidad 1
practicar	üben	Unidad 1
cocinar	kochen	Unidad 1
la pasión	Leidenschaft	Unidad 1
cocinas	du kochst	Unidad 1
¿Qué tal si…?	Wie wäre es, wenn …?	Unidad 1
cocinamos	wir kochen	Unidad 1
juntos/-as	zusammen, gemeinsam	Unidad 1
hablamos	wir sprechen	Unidad 1
el nivel	Niveau, Stufe	Unidad 1
necesito	ich muss, ich brauche	Unidad 1
necesitar	brauchen, müssen	Unidad 1
porque	weil	Unidad 1
importante	wichtig	Unidad 1
el alemán	Deutsch	Unidad 1
el ruso	Russisch	Unidad 1
escribir	schreiben	Unidad 1
escribo	ich schreibe	Unidad 1
el artículo	Artikel	Unidad 1
el blog	Blog	Unidad 1
el/la hablante de español	Spanischsprecher/in	Unidad 1
tomar	trinken, essen	Unidad 1
algo	etwas	Unidad 1
la familia	Familie	Unidad 1
Turquía	Türkei	Unidad 1
vivimos	wir wohnen	Unidad 1
Berlín	Berlin	Unidad 1
como	als	Unidad 1
la asignatura optativa	Wahl(pflicht)fach	Unidad 1
comprendo	ich verstehe	Unidad 1
comprender	verstehen	Unidad 1
difícil	schwierig	Unidad 1
bailar	tanzen	Unidad 1
tocar	spielen (Instrument); anfassen	Unidad 1
la guitarra	Gitarre	Unidad 1
bailas	du tanzt	Unidad 1
la salsa	Salsa	Unidad 1
el tango	Tango	Unidad 1
tocas	du spielst	Unidad 1
el instrumento	Instrument	Unidad 1
entonces	dann	Unidad 1
tener algo en común	etwas gemeinsam haben	Unidad 1
Grecia	Griechenland	Unidad 1
trabajo	ich arbeite	Unidad 1
trabajar	arbeiten	Unidad 1
el turismo	Tourismus	Unidad 1
participar (en)	teilnehmen (an)	Unidad 1
el congreso	Kongress	Unidad 1
internacional	international	Unidad 1
mis	meine	Unidad 1
el/la colega	Kollege/-in	Unidad 1
la conversación	Konversation	Unidad 1
viajar	reisen	Unidad 1
el teatro	Theater	Unidad 1
leer	lesen	Unidad 1
leo	ich lese	Unidad 1
mucho	viel	Unidad 1
¿Dónde?	Wo?	Unidad 1
¿Quién?	Wer? (Singular)	Unidad 1
¿Quiénes?	Wer? (Plural)	Unidad 1
¿Por qué?	Warum?	Unidad 1
¿Para qué?	Wozu?	Unidad 1
el motivo	Grund, Beweggrund	Unidad 1
solicitar	beantragen, sich bewerben um	Unidad 1
por amor	aus Liebe	Unidad 1
por	pro; durch; für; wegen	Unidad 1
el amor	Liebe	Unidad 1
beber	trinken	Unidad 1
el café	Kaffee	Unidad 1
el chili con carne	Chili con carne	Unidad 1
la carne	Fleisch	Unidad 1
el libro	Buch	Unidad 1
usar	benutzen, verwenden	Unidad 1
la palabra	Wort	Unidad 1
gratis	kostenlos, umsonst	Unidad 1
escuchar	(zu)hören	Unidad 1
el mate	Mate(-Tee)	Unidad 1
tampoco	auch nicht	Unidad 1
la comunicación	Kommunikation	Unidad 1
la práctica	Übung	Unidad 1
la gramática	Grammatik	Unidad 1
el capítulo	Kapitel	Unidad 1
el encuentro	Begegnung	Unidad 1
el/la desconocido/-a	Unbekannte/r	Unidad 1
la estación	Station, Bahnhof	Unidad 1
verdadero/-a	richtig, wahr	Unidad 1
falso/-a	falsch	Unidad 1
la presentación	Präsentation, Vorstellung	Unidad 1
la nacionalidad	Nationalität	Unidad 1
la estrategia	Strategie	Unidad 1
Esta es mi gente.	Das sind meine Freunde und Familie.	Unidad 2
la gente	Leute	Unidad 2
la uni	Uni (umg.)	Unidad 2
el tiempo	Zeit	Unidad 2
la comida	Essen	Unidad 2
feliz	glücklich	Unidad 2
el fin de semana	Wochenende	Unidad 2
el/la amigo/-a de toda la vida	alte/r Freund/in	Unidad 2
otra vez	nochmals	Unidad 2
el/la mejor amigo/-a	bester Freund / beste Freundin	Unidad 2
mejor	besser; beste/r/s	Unidad 2
¡Qué…!	Wie …!	Unidad 2
guapo/-a	hübsch, gut aussehend	Unidad 2
tus	deine	Unidad 2
los hermanos	Geschwister; Brüder	Unidad 2
el/la hermano/-a	Bruder / Schwester	Unidad 2
el buen rollo	gute Stimmung (umg.)	Unidad 2
el/la compañero/-a de clase	Klassenkamerad/in	Unidad 2
la pareja	Partner/in	Unidad 2
la foto(grafía)	Foto(grafie)	Unidad 2
creo que	ich glaube, …	Unidad 2
creer	glauben	Unidad 2
por ciento	Prozent	Unidad 2
entre	zwischen	Unidad 2
su	sein/e, ihr/e, Ihr/e	Unidad 2
el padre	Vater	Unidad 2
la madre	Mutter	Unidad 2
los hijos	(eigene) Kinder; Söhne	Unidad 2
el/la hijo/-a	Sohn / Tochter; Kind	Unidad 2
solo/-a	allein	Unidad 2
el/la compañero/-a de trabajo	Arbeitskollege/-in	Unidad 2
el trabajo	Arbeit	Unidad 2
el/la compañero/-a de estudios	Studienkollege/-in	Unidad 2
los abuelos	Großeltern	Unidad 2
el/la abuelo/-a	Großvater/-mutter	Unidad 2
los tíos	Onkel und Tante	Unidad 2
el/la tío/-a	Onkel / Tante	Unidad 2
los padres	Eltern	Unidad 2
el/la compañero/-a de piso	Mitbewohner/in	Unidad 2
el piso	Wohnung	Unidad 2
Estambul	Istanbul	Unidad 2
nuestro/-a	unser/e	Unidad 2
vuestro/-a	euer/e	Unidad 2
sus	seine, ihre, Ihre	Unidad 2
el/la hijo/-a único/-a	Einzelkind	Unidad 2
tener contacto (con)	Kontakt haben (zu)	Unidad 2
la escuela	Schule	Unidad 2
hablar de	sprechen über	Unidad 2
el problema	Problem	Unidad 2
la residencia	(Studenten-)Wohnheim	Unidad 2
siempre	immer	Unidad 2
el/la primo/-a	Cousin/e	Unidad 2
la situación	Situation, Lage	Unidad 2
cerca (de)	in der Nähe (von)	Unidad 2
ayudar	helfen	Unidad 2
el futuro	Zukunft	Unidad 2
todo/-a	ganz	Unidad 2
independiente	unabhängig	Unidad 2
pasar	verbringen	Unidad 2
el estado civil	Familienstand	Unidad 2
¿Con quién?	Mit wem?	Unidad 2
el aspecto	Aspekt; Aussehen	Unidad 2
estar	sein (Zustand/Ort)	Unidad 2
soltero/-a	ledig	Unidad 2
casado/-a	verheiratet	Unidad 2
separado/-a	getrennt	Unidad 2
divorciado/-a	geschieden	Unidad 2
recuerda	denke daran	Unidad 2
nuevo/-a	neu	Unidad 2
nos	uns	Unidad 2
presentar	vorstellen	Unidad 2
el premio	Preis, Auszeichnung	Unidad 2
ti	dich, dir	Unidad 2
bajo/-a	klein	Unidad 2
delgado/-a	schlank	Unidad 2
tener el pelo moreno	dunkle Haare haben	Unidad 2
moreno/-a	dunkel(haarig)	Unidad 2
corto/-a	kurz	Unidad 2
llevar	tragen	Unidad 2
la barba	(Voll-)Bart	Unidad 2
simpático/-a	sympathisch	Unidad 2
alegre	fröhlich	Unidad 2
optimista	optimistisch	Unidad 2
demasiado	zu (sehr)	Unidad 2
responsable	verantwortungsbewusst	Unidad 2
el hermano mayor	großer / älterer Bruder	Unidad 2
el cómic	Comic	Unidad 2
la música electrónica	elektronische Musik	Unidad 2
solo	nur	Unidad 2
el defecto	Fehler; Defekt	Unidad 2
compartir piso	in einer WG leben	Unidad 2
compartir	teilen	Unidad 2
no… nada	überhaupt nicht	Unidad 2
ni	nicht einmal	Unidad 2
el sándwich	Sandwich, belegtes Brot	Unidad 2
alto/-a	groß	Unidad 2
rubio/-a	blond	Unidad 2
largo/-a	lang	Unidad 2
normalmente	normalerweise	Unidad 2
las gafas	Brille	Unidad 2
la lentilla	(Kontakt-)Linse	Unidad 2
normal	normal	Unidad 2
divertido/-a	lustig	Unidad 2
trabajador/a	fleißig	Unidad 2
bastante	ziemlich	Unidad 2
constante	ausdauernd, beständig	Unidad 2
los apuntes	Mitschrift	Unidad 2
perfecto/-a	perfekt	Unidad 2
organizado/-a	ordentlich, strukturiert	Unidad 2
el carácter	Charakter	Unidad 2
gordo/-a	dick	Unidad 2
joven	jung	Unidad 2
los/las dos	beide	Unidad 2
un poco	ein wenig, ein bisschen	Unidad 2
me encanta	es gefällt mir sehr	Unidad 2
encantar	begeistern	Unidad 2
me gusta	mir gefällt, ich mag	Unidad 2
gustar	gefallen	Unidad 2
me aburre	mich langweilt	Unidad 2
aburrir	langweilen	Unidad 2
público/-a	öffentlich	Unidad 2
el/la participante	Teilnehmer/in	Unidad 2
interesar	interessieren	Unidad 2
la explicación	Erklärung	Unidad 2
en detalle	im Detail	Unidad 2
una vez a la semana	einmal in der Woche	Unidad 2
la vez	Mal	Unidad 2
visitar	besuchen, besichtigen	Unidad 2
el/la especialista	Spezialist/in	Unidad 2
el/la artista	Künstler/in	Unidad 2
que	der/die/das (Relativpronomen)	Unidad 2
particular	besonders, eigene/r/s	Unidad 2
el punto de vista	Standpunkt	Unidad 2
el/la mismo/-a	derselbe / dieselbe	Unidad 2
la ruta	Route, Weg	Unidad 2
si	wenn	Unidad 2
la respuesta	Antwort	Unidad 2
practicar deporte	Sport treiben	Unidad 2
estar en contacto (con)	in Kontakt stehen (mit)	Unidad 2
descubrir	entdecken	Unidad 2
crear	schaffen, erstellen	Unidad 2
la imagen	Bild	Unidad 2
impactante	beeindruckend	Unidad 2
el paseo	Spaziergang	Unidad 2
aprender a + inf	lernen (etwas zu tun)	Unidad 2
fotografiar	fotografieren	Unidad 2
el efecto	Wirkung, Effekt	Unidad 2
diferente	verschieden, unterschiedlich	Unidad 2
todos los / todas las	alle	Unidad 2
la posibilidad	Möglichkeit	Unidad 2
la cámara	Kamera	Unidad 2
además	außerdem	Unidad 2
conversar	sich unterhalten	Unidad 2
comer	essen	Unidad 2
el cine	Kino	Unidad 2
molestar	stören	Unidad 2
¿Qué les gusta?	Was gefällt ihnen?	Unidad 2
(a él) le	ihm	Unidad 2
(a ella) le	ihr	Unidad 2
francés/-esa	französisch	Unidad 2
la cosa	Sache, Ding	Unidad 2
(a mí) me	mir	Unidad 2
(a ti) te	dir	Unidad 2
(a usted) le	Ihnen (Singular)	Unidad 2
(a nosotros/-as) nos	uns	Unidad 2
(a vosotros/-as) os	euch	Unidad 2
(a ellos/ellas/ustedes) les	ihnen, Ihnen	Unidad 2
la moda	Mode	Unidad 2
asiático/-a	asiatisch	Unidad 2
el viaje	Reise, Fahrt	Unidad 2
el fútbol	Fußball	Unidad 2
el videojuego	Videospiel, Computerspiel	Unidad 2
el arte moderno	moderne Kunst	Unidad 2
no mucho	nicht so	Unidad 2
las reglas del piso	Hausordnung	Unidad 2
el lugar de residencia	Wohnort	Unidad 2
la cena	Abendessen	Unidad 3
la pizza	Pizza	Unidad 3
el supermercado	Supermarkt	Unidad 3
congelado/-a	(tief-)gefroren, tiefgekühlt	Unidad 3
la ensaladilla rusa	russischer Kartoffelsalat	Unidad 3
ruso/-a	russisch	Unidad 3
la sangría	Sangría	Unidad 3
la receta	Rezept	Unidad 3
de toda la vida	traditionell	Unidad 3
la tortilla de patatas	Kartoffelomelett	Unidad 3
la patata	Kartoffel	Unidad 3
poder	können, dürfen	Unidad 3
faltar	fehlen	Unidad 3
la empanada	gefüllte Teigpastete	Unidad 3
el atún	Thunfisch	Unidad 3
la verdura	Gemüse	Unidad 3
el guacamole	Avocado-Dip	Unidad 3
picante	scharf	Unidad 3
el pan	Brot	Unidad 3
blanco/-a	weiß	Unidad 3
negro/-a	schwarz	Unidad 3
la oliva	Olive	Unidad 3
Es igual.	Es ist egal.	Unidad 3
igual	gleich	Unidad 3
la salsa	Soße	Unidad 3
el aguacate	Avocado	Unidad 3
el tomate	Tomate	Unidad 3
la cebolla	Zwiebel	Unidad 3
el chile	Chili	Unidad 3
la base	Grundlage	Unidad 3
el queso	Käse	Unidad 3
mucho/-a	viel/e	Unidad 3
el ingrediente	Zutat	Unidad 3
la bebida	Getränk	Unidad 3
el vino tinto	Rotwein	Unidad 3
la fruta	Obst, Frucht	Unidad 3
el azúcar	Zucker	Unidad 3
la especialidad	Spezialität	Unidad 3
relleno/-a (de)	gefüllt (mit)	Unidad 3
¿Con qué frecuencia?	Wie oft?	Unidad 3
todas las semanas	jede Woche	Unidad 3
al mes	im/pro Monat	Unidad 3
en mi casa	bei mir (zuhause)	Unidad 3
la casa	Haus	Unidad 3
el restaurante	Restaurant	Unidad 3
reservar	reservieren	Unidad 3
la mesa	Tisch	Unidad 3
comprar	kaufen	Unidad 3
la comida preparada	Fertiggericht	Unidad 3
la comida	Lebensmittel, Speise; Mahlzeit	Unidad 3
cada	jede/r/s	Unidad 3
el plato	Speise, Gericht	Unidad 3
el orden	Ordnung, Reihenfolge	Unidad 3
la nevera	Kühlschrank	Unidad 3
organizar	ordnen, organisieren	Unidad 3
el alimento	Lebensmittel	Unidad 3
el envase	Verpackung	Unidad 3
el (producto) lácteo	Milchprodukt	Unidad 3
los embutidos	Wurstwaren, Aufschnitt	Unidad 3
el pescado	Fisch	Unidad 3
el interior	Innenseite	Unidad 3
el huevo	Ei	Unidad 3
la mermelada	Marmelade	Unidad 3
la mantequilla	Butter	Unidad 3
la puerta	Tür	Unidad 3
la lechuga	Kopfsalat	Unidad 3
la gamba	Krabbe, Garnele	Unidad 3
la naranja	Orange	Unidad 3
la leche	Milch	Unidad 3
el plátano	Banane	Unidad 3
el pollo	Hähnchen	Unidad 3
el cerdo	Schwein	Unidad 3
el yogur	Joghurt	Unidad 3
la manzana	Apfel	Unidad 3
el jamón	Schinken	Unidad 3
el zumo (de fruta)	(Frucht-)Saft	Unidad 3
el arroz	Reis	Unidad 3
la pasta	Nudeln, Teigwaren	Unidad 3
el ajo	Knoblauch	Unidad 3
el agua	Wasser	Unidad 3
los cereales	Getreide(flocken), Müsli	Unidad 3
la cerveza	Bier	Unidad 3
maduro/-a	reif	Unidad 3
el alcohol	Alkohol	Unidad 3
todos los días	jeden Tag	Unidad 3
al día	am Tag, pro Tag	Unidad 3
a veces	manchmal	Unidad 3
casi	fast	Unidad 3
nunca	nie	Unidad 3
desayunar	frühstücken	Unidad 3
cenar	zu Abend essen	Unidad 3
delante de	vor	Unidad 3
el ordenador	Computer	Unidad 3
la tele(visión)	Fernseher	Unidad 3
la comida congelada	Tiefkühlkost	Unidad 3
la sopa	Suppe	Unidad 3
pocas veces	selten	Unidad 3
el refri(gerador)	Kühlschrank (LA)	Unidad 3
gustar	schmecken	Unidad 3
vegetariano/-a	vegetarisch	Unidad 3
todo	alles	Unidad 3
preferir	bevorzugen	Unidad 3
poco/-a	wenig	Unidad 3
gastar (en)	ausgeben (für)	Unidad 3
soler + inf	etw. zu tun pflegen	Unidad 3
el hábito	Gewohnheit	Unidad 3
¿Cuánto/-a?	Wie viel?	Unidad 3
el dinero	Geld	Unidad 3
¿Qué tomáis?	Was möchtet ihr essen/trinken?	Unidad 3
el bocadillo	belegtes Brot	Unidad 3
la albóndiga	Hackfleischbällchen	Unidad 3
la tarta de manzana	Apfelkuchen	Unidad 3
la tarta	Kuchen, Torte	Unidad 3
la ensalada mixta	gemischter Salat	Unidad 3
la ensalada	Salat	Unidad 3
el filete	Schnitzel; Filet	Unidad 3
empanado/-a	paniert	Unidad 3
el gazpacho	kalte Gemüsesuppe	Unidad 3
la espinaca	Spinat	Unidad 3
el garbanzo	Kichererbse	Unidad 3
la merluza	Seehecht	Unidad 3
en salsa	mit Soße	Unidad 3
la paella	Paella	Unidad 3
el flan	Karamellpudding	Unidad 3
andaluz/a	andalusisch	Unidad 3
la especie (de)	Sorte, Art	Unidad 3
frío/-a	kalt	Unidad 3
caliente	warm, heiß	Unidad 3
el guiso	Schmorgericht; Eintopf	Unidad 3
Lleva espinacas.	Das ist mit Spinat.	Unidad 3
llevar	enthalten	Unidad 3
el postre	Nachtisch	Unidad 3
el segundo (plato)	Hauptgericht	Unidad 3
español/-a	spanisch	Unidad 3
frito/-a	frittiert	Unidad 3
el pepino	Gurke	Unidad 3
preparar	zubereiten	Unidad 3
salado/-a	gesalzen, salzig	Unidad 3
dulce	süß	Unidad 3
el modo de tomarlo	Art zu essen	Unidad 3
mexicano/-a	mexikanisch	Unidad 3
alemán/-ana	deutsch	Unidad 3
el mapa	(Land-)Karte	Unidad 3
muchas veces	oft	Unidad 3
algunas veces	manchmal	Unidad 3
la cafetería	Cafeteria	Unidad 3
el hambre	Hunger	Unidad 3
el/la vegetariano/-a	Vegetarier/in	Unidad 3
el martes	Dienstag	Unidad 3
septiembre	September	Unidad 3
el menú	Speisekarte; Menü	Unidad 3
el primero	Vorspeise, erster Gang	Unidad 3
el plato del día	Tagesgericht	Unidad 3
incluir	einschließen	Unidad 3
vegano/-a	vegan	Unidad 3
los espaguetis	Spaghetti	Unidad 3
al horno	im Ofen, Brat-	Unidad 3
el chorizo	Paprikawurst	Unidad 3
a la sidra	in Cidre	Unidad 3
el aceite	(Speise-)Öl	Unidad 3
vegetal	pflanzlich	Unidad 3
la oferta	Angebot	Unidad 3
desde	ab	Unidad 3
de primero	als Vorspeise	Unidad 3
de segundo	als Hauptgericht	Unidad 3
elegir	auswählen	Unidad 3
para beber	zu trinken	Unidad 3
pedir	bestellen, erbitten	Unidad 3
de postre	als Nachtisch	Unidad 3
querer	wollen, mögen	Unidad 3
el comedor universitario	Mensa	Unidad 3
costar	kosten	Unidad 3
el/la cliente/-a	Kunde/-in	Unidad 3
¿Qué os pongo?	Was darf ich euch bringen?	Unidad 3
el euro	Euro	Unidad 3
¿Me cobra/s?	Bitte zahlen!	Unidad 3
cobrar	kassieren	Unidad 3
por favor	bitte	Unidad 3
barato/-a	billig	Unidad 3
la cocina	Küche, Kochkunst	Unidad 3
latino/-a	lateinamerikanisch	Unidad 3
el día de cierre	Ruhetag	Unidad 3
cerrar	schließen	Unidad 3
abierto el domingo	sonntags geöffnet	Unidad 3
el precio	Preis	Unidad 3
de… a	von … bis	Unidad 3
estar situado/-a	liegen (geografisch)	Unidad 3
la playa	Strand	Unidad 3
contar con	verfügen über	Unidad 3
la terraza	Terrasse	Unidad 3
interior	innere/r/s	Unidad 3
exterior	äußere/r/s	Unidad 3
colombiano/-a	kolumbianisch	Unidad 3
peruano/-a	peruanisch	Unidad 3
disponer de	verfügen über	Unidad 3
excelente	ausgezeichnet	Unidad 3
el jugo (de fruta)	(Frucht-)Saft (LA)	Unidad 3
destacar	herausragen	Unidad 3
maravilloso/-a	wunderbar	Unidad 3
el ceviche	Gericht aus rohem Fisch (LA)	Unidad 3
el servicio	Service, Bedienung	Unidad 3
casero/-a	hausgemacht	Unidad 3
el lunes	Montag	Unidad 3
menos de	weniger als	Unidad 3
el bar	Bar, Kneipe	Unidad 3
el centro	Zentrum, Stadtmitte	Unidad 3
la tapa	Appetithäppchen	Unidad 3
la ración	Portion	Unidad 3
el pincho	Snack, Häppchen	Unidad 3
desde… hasta	von … bis	Unidad 3
al ajillo	in Knoblauchsoße	Unidad 3
ideal	ideal	Unidad 3
la reserva	Reservierung	Unidad 3
la tarjeta (de crédito)	(Kredit-)Karte	Unidad 3
accesible	zugänglich; barrierefrei	Unidad 3
el menú especial	Spezialmenü	Unidad 3
especial	speziell, Spezial-	Unidad 3
el parking	Parkplatz	Unidad 3
el salón para fumadores	Speisesaal für Raucher	Unidad 3
la entrega a domicilio	Lieferung nach Hause	Unidad 3
el miércoles	Mittwoch	Unidad 3
el jueves	Donnerstag	Unidad 3
el viernes	Freitag	Unidad 3
el sábado	Samstag	Unidad 3
caro/-a	teuer	Unidad 3
aparcar	parken	Unidad 3
el coche	Auto	Unidad 3
abrir	öffnen	Unidad 3
fumar	rauchen	Unidad 3
el producto	Produkt	Unidad 3
biológico/-a	Bio-	Unidad 3
apto/-a	geeignet	Unidad 3
todo tipo de	jede Art von	Unidad 3
la dieta	Ernährungsweise	Unidad 3
¿Dónde está…?	Wo ist …?	Unidad 3
¿Cómo es?	Wie ist es?	Unidad 3
tranquilo/-a	ruhig	Unidad 3
la comida rápida	Fastfood	Unidad 3
¿Qué días abre?	An welchen Tagen ist es geöffnet?	Unidad 3
la hora	Uhrzeit	Unidad 3
el número de personas	Personenzahl	Unidad 3
el comentario	Kommentar	Unidad 3
… menos cuarto	Viertel vor …	Unidad 3
… en punto	genau / Punkt …	Unidad 3
… y cuarto	Viertel nach …	Unidad 3
… y media	halb …	Unidad 3
¿Qué hora es?	Wie viel Uhr ist es?	Unidad 3
de la tarde	nachmittags	Unidad 3
de la mañana	morgens	Unidad 3
la mañana	Morgen	Unidad 3
¿A qué hora…?	Um wie viel Uhr …?	Unidad 3
de la noche	abends	Unidad 3
la opinión	Meinung	Unidad 3
enorme	riesig	Unidad 3
a muy buen precio	zu sehr gutem Preis	Unidad 3
excepto	außer, mit Ausnahme von	Unidad 3
malo/-a	schlecht	Unidad 3
grande	groß	Unidad 3
el ambiente	Atmosphäre, Stimmung	Unidad 3
al mediodía	mittags	Unidad 3
agradable	angenehm, freundlich	Unidad 3
recomendar	empfehlen	Unidad 3
de la casa	hauseigen	Unidad 3
Está muy rico/-a.	Es schmeckt sehr gut.	Unidad 3
rico/-a	lecker	Unidad 3
la mayonesa	Mayonnaise	Unidad 3
las patatas fritas	Pommes frites	Unidad 3
de los/las de siempre	typisch	Unidad 3
bueno/-a	gut	Unidad 3
lento/-a	langsam	Unidad 3
esperar	warten	Unidad 3
sobre todo	vor allem	Unidad 3
por la noche	abends	Unidad 3
la papa	Kartoffel (LA)	Unidad 3
la porción	Portion	Unidad 3
por las mañanas	immer morgens	Unidad 3
mañana	morgen	Unidad 3
por la mañana	morgens	Unidad 3
estadounidense	US-amerikanisch	Unidad 3
belga	belgisch	Unidad 3
marroquí	marokkanisch	Unidad 3
el plátano verde	Kochbanane	Unidad 3
verde	grün	Unidad 3
el ají	südamerik. Chilisoße (LA)	Unidad 3
el tigrillo	ecuadorian. Spezialität (LA)	Unidad 3
rallado/-a	gerieben	Unidad 3
la sorpresa	Überraschung	Unidad 3
el dulce	Süßspeise	Unidad 3
típico/-a	typisch	Unidad 3
favorito/-a	Lieblings-	Unidad 3
por ejemplo	zum Beispiel	Unidad 3
saber	wissen	Unidad 4
relaciona	verbinde, ordne zu	Unidad 4
el cerro	Hügel	Unidad 4
la memoria	Erinnerung	Unidad 4
la plaza de armas	Hauptplatz (LA)	Unidad 4
el jardín	Garten	Unidad 4
el río	Fluss	Unidad 4
el barrio	Stadtviertel	Unidad 4
la capital	Hauptstadt	Unidad 4
la lengua oficial	Amtssprache	Unidad 4
el símbolo	Symbol	Unidad 4
el animal	Tier	Unidad 4
el/la habitante	Einwohner/in	Unidad 4
el teleférico	(Draht-)Seilbahn	Unidad 4
asociar	assoziieren, verbinden	Unidad 4
el adjetivo	Adjektiv	Unidad 4
comparar	vergleichen	Unidad 4
otro/-a	ein/e andere/r/s	Unidad 4
bonito/-a	schön	Unidad 4
aburrido/-a	langweilig	Unidad 4
antiguo/-a	alt	Unidad 4
multicultural	multikulturell	Unidad 4
corresponder a	entsprechen	Unidad 4
el grado	Grad	Unidad 4
la temperatura	Temperatur	Unidad 4
medio/-a	Durchschnitts-	Unidad 4
el invierno	Winter	Unidad 4
la línea	Linie	Unidad 4
el metro	U-Bahn	Unidad 4
el kilómetro	Kilometer	Unidad 4
la hora de sol	Sonnenstunde	Unidad 4
la media	Durchschnitt, Mittelwert	Unidad 4
hay	es gibt	Unidad 4
el día de luz	Sonnentag	Unidad 4
la luz	Licht	Unidad 4
al año	pro Jahr, jährlich	Unidad 4
moverse	sich (fort)bewegen	Unidad 4
el tráfico	Verkehr	Unidad 4
un buen sistema	ein gut funktionierendes System	Unidad 4
el transporte público	öffentlicher Nahverkehr	Unidad 4
el autobús	Bus	Unidad 4
el tranvía	Straßenbahn	Unidad 4
conectado/-a	verbunden, angeschlossen	Unidad 4
el tren	Zug	Unidad 4
el minuto	Minute	Unidad 4
el edificio	Gebäude	Unidad 4
emblemático/-a	prägend, emblematisch	Unidad 4
la lonja	Warenbörse	Unidad 4
el mercado	Markt	Unidad 4
por supuesto	selbstverständlich	Unidad 4
amplio/-a	weit, breit	Unidad 4
cultural	kulturell	Unidad 4
el espectáculo	Vorstellung, Schauspiel	Unidad 4
la exposición	Ausstellung	Unidad 4
tener que + inf	müssen	Unidad 4
probar	(aus)probieren	Unidad 4
la horchata	Erdmandelmilch	Unidad 4
famoso/-a	berühmt	Unidad 4
tradicional	traditionell	Unidad 4
mediterráneo/-a	Mittelmeer-	Unidad 4
único/-a	einzigartig	Unidad 4
de vanguardia	avantgardistisch	Unidad 4
la opción	Option, Möglichkeit	Unidad 4
el local	Lokal	Unidad 4
salir de bares	auf Kneipentour gehen	Unidad 4
excepcional	außergewöhnlich	Unidad 4
el mar	Meer	Unidad 4
la montaña	Berg, Gebirge	Unidad 4
de un día	eintägig	Unidad 4
la arena	Sand	Unidad 4
la zona natural	Naturraum	Unidad 4
el parque natural	Naturpark	Unidad 4
el lago	See	Unidad 4
pasear (por)	spazieren gehen (durch)	Unidad 4
en pleno centro	mitten im Zentrum	Unidad 4
el texto	Text	Unidad 4
la categoría	Bereich, Kategorie	Unidad 4
el destino	Zielort	Unidad 4
la zona verde	Grünfläche	Unidad 4
la tabla	Tabelle	Unidad 4
algunos/-as	einige, manche	Unidad 4
alguno/-a	irgendein/e/r	Unidad 4
varios/-as	verschiedene, mehrere	Unidad 4
el grupo de tres	Dreiergruppe	Unidad 4
atractivo/-a	attraktiv	Unidad 4
el campus	Campus	Unidad 4
¿En qué orden…?	In welcher Reihenfolge …?	Unidad 4
dar recomendaciones	Empfehlungen geben	Unidad 4
desconectar	abschalten	Unidad 4
la columna	Spalte	Unidad 4
comprobar	überprüfen	Unidad 4
el bar de copas	Cocktailbar	Unidad 4
el concierto	Konzert	Unidad 4
la plaza de toros	Stierkampfarena	Unidad 4
la página web	Website	Unidad 4
la información	Information	Unidad 4
positivo/-a	positiv	Unidad 4
cada uno/-a	jede/r/s einzelne	Unidad 4
tomar una decisión	eine Entscheidung treffen	Unidad 4
por excelencia	schlechthin	Unidad 4
preferido/-a	Lieblings-	Unidad 4
en general	im Allgemeinen	Unidad 4
el alquiler	Miete	Unidad 4
la habitación	Zimmer	Unidad 4
tanto como	so viel wie	Unidad 4
unos/-as	ungefähr (vor Zahlen)	Unidad 4
el comercio	Geschäft, Gewerbe	Unidad 4
de todo tipo	jeglicher Art	Unidad 4
la vida social	soziales Leben	Unidad 4
lejos (de)	weit (von)	Unidad 4
Es verdad.	Es ist wahr.	Unidad 4
la verdad	Wahrheit	Unidad 4
tanto/-a… como	so viel/e … wie	Unidad 4
sin embargo	jedoch, trotzdem	Unidad 4
la tradición	Tradition	Unidad 4
la tienda de ropa	Bekleidungsgeschäft	Unidad 4
innovador/a	innovativ	Unidad 4
a partir de	ab	Unidad 4
el norte	Norden	Unidad 4
auténtico/-a	echt, authentisch	Unidad 4
menos… que	weniger … als	Unidad 4
a cambio	dafür, im Austausch	Unidad 4
el verano	Sommer	Unidad 4
la tranquilidad	Ruhe	Unidad 4
referirse a	sich beziehen auf	Unidad 4
alquilar	mieten	Unidad 4
tan… como	so … wie	Unidad 4
en parejas	zu zweit	Unidad 4
la lista	Liste	Unidad 4
correspondiente	entsprechend	Unidad 4
el gimnasio	Fitnessstudio	Unidad 4
el centro de salud	Gesundheitszentrum	Unidad 4
el banco	Bank	Unidad 4
Correos	Post(amt)	Unidad 4
el estanco	Tabakladen, Kiosk	Unidad 4
abrir una cuenta	ein Konto eröffnen	Unidad 4
el yoga	Yoga	Unidad 4
hacer la compra	einkaufen gehen	Unidad 4
el bono de transporte	Monatskarte (Nahverkehr)	Unidad 4
el bono	Mehrfachkarte	Unidad 4
recoger	abholen	Unidad 4
enviar	schicken	Unidad 4
el paquete	Paket	Unidad 4
pedir hora	einen Termin vereinbaren	Unidad 4
el/la médico/-a	Arzt/Ärztin	Unidad 4
el mensaje	Nachricht	Unidad 4
anotar	notieren	Unidad 4
la parte	Teil	Unidad 4
resumir	zusammenfassen	Unidad 4
todo el día	den ganzen Tag	Unidad 4
asignar	zuweisen, zuteilen	Unidad 4
ofrecer	anbieten	Unidad 4
el/la joven	Jugendliche/r	Unidad 4
el descuento	(Preis-)Nachlass	Unidad 4
por eso	deshalb	Unidad 4
ver una película	einen Film schauen	Unidad 4
venir	kommen	Unidad 4
la forma de llegar	Anreisemöglichkeit	Unidad 4
sustentable	nachhaltig (LA)	Unidad 4
a pie	zu Fuß	Unidad 4
a… kilómetros (de)	… Kilometer (von …) entfernt	Unidad 4
ecológico/-a	ökologisch	Unidad 4
la hora del taco	Stoßzeit (Chile)	Unidad 4
saludable	gesund	Unidad 4
la bici(cleta)	Fahrrad	Unidad 4
la ciclovía	Fahrradweg (LA)	Unidad 4
¡Atención!	Achtung!	Unidad 4
el trayecto	Strecke, Weg	Unidad 4
arrendar	mieten (LA)	Unidad 4
el scooter	Scooter	Unidad 4
la solución	Lösung	Unidad 4
silencioso/-a	leise, lautlos	Unidad 4
limpio/-a	sauber	Unidad 4
el medio de transporte	Verkehrsmittel	Unidad 4
la distancia	Entfernung	Unidad 4
de hecho	eigentlich	Unidad 4
la mayoría	Mehrheit	Unidad 4
la alternativa	Alternative	Unidad 4
el auto	Auto (LA)	Unidad 4
compartir viaje	Mitfahrgelegenheit	Unidad 4
conectar	verbinden	Unidad 4
la municipalidad	Gemeinde (LA)	Unidad 4
el avión	Flugzeug	Unidad 4
la definición	Definition	Unidad 4
contaminar	verschmutzen	Unidad 4
causar	verursachen	Unidad 4
el ruido	Lärm	Unidad 4
cambiar	umsteigen	Unidad 4
al final	am Ende, schließlich	Unidad 4
bajar	aussteigen	Unidad 4
la parada	Haltestelle	Unidad 4
identificar	identifizieren	Unidad 4
siguiente	folgende/r/s	Unidad 4
el plano	(Lage-)Plan	Unidad 4
el piso	Etage	Unidad 4
la impresora 3D	3D-Drucker	Unidad 4
los baños	Toiletten	Unidad 4
las escaleras	Treppe	Unidad 4
el ascensor	Aufzug	Unidad 4
la recepción	Rezeption	Unidad 4
el auditorio	Hörsaal	Unidad 4
el primer piso	erstes Obergeschoss	Unidad 4
la entrada	Eingang	Unidad 4
la secretaría	Sekretariat	Unidad 4
el pasillo	Gang	Unidad 4
la sala de estudios	Lernraum	Unidad 4
segundo/-a	zweite/r/s	Unidad 4
a la derecha (de)	rechts (von)	Unidad 4
el aula	Hörsaal, Kursraum	Unidad 4
enfrente (de)	gegenüber (von)	Unidad 4
tercer(o)/-a	dritte/r/s	Unidad 4
cuarto/-a	vierte/r/s	Unidad 4
la expresión	Ausdruck	Unidad 4
en negrita	fett gedruckt	Unidad 4
a la izquierda (de)	links (von)	Unidad 4
detrás (de)	(da)hinter	Unidad 4
delante (de)	(da)vor	Unidad 4
al lado (de)	(da)neben	Unidad 4
la pregunta	Frage	Unidad 4
¿Para ir a…?	Wie kommt man nach/zu …?	Unidad 4
Disculpa.	Entschuldige bitte.	Unidad 4
Perdón.	Entschuldigung.	Unidad 4
doblar	abbiegen	Unidad 4
cruzar	überqueren	Unidad 4
el hall	(Eingangs-)Halle (LA)	Unidad 4
subir (a)	hinaufgehen	Unidad 4
seguir	weitergehen	Unidad 4
todo derecho	geradeaus	Unidad 4
el final	Ende	Unidad 4
girar	abbiegen	Unidad 4
todo recto	geradeaus	Unidad 4
peor	schlechter, schlechteste/r/s	Unidad 4
menor	jünger; kleiner	Unidad 4
el plan	Plan, Vorhaben	Unidad 4
la excusa	Ausrede	Unidad 4
el mal tiempo	schlechtes Wetter	Unidad 4
el resto	Rest	Unidad 4
hacer preguntas	Fragen stellen	Unidad 4
pues	nun, also	Unidad 4
bueno	nun ja, na gut	Unidad 4
La verdad es que…	Tatsache ist, dass …	Unidad 4
el día a día	Alltag	Unidad 5
la publicidad	Werbung	Unidad 5
la radio	Radio	Unidad 5
¿Con qué te despiertas tú?	Womit wachst du auf?	Unidad 5
despertarse	aufwachen	Unidad 5
la canción	Lied	Unidad 5
de buen humor	gut gelaunt	Unidad 5
el buen humor	gute Laune	Unidad 5
las noticias	Nachrichten	Unidad 5
la alarma	Weckruf	Unidad 5
antes de	vor, bevor	Unidad 5
ir al baño	ins Badezimmer gehen	Unidad 5
poner música	Musik anstellen	Unidad 5
ordenar la habitación	das Zimmer aufräumen	Unidad 5
apagar	ausschalten	Unidad 5
consultar el tiempo	sich über das Wetter informieren	Unidad 5
ganar	verdienen	Unidad 5
el reportaje	Reportage, Bericht	Unidad 5
ordenar	sortieren, anordnen	Unidad 5
cronológicamente	chronologisch	Unidad 5
cada vez son más	es sind immer mehr	Unidad 5
el gasto	Ausgabe(n); Kosten	Unidad 5
en casa	zuhause	Unidad 5
la rutina diaria	Alltagsroutine	Unidad 5
el intercambio	Austausch	Unidad 5
el/la ayudante de cocina	Küchenhilfe	Unidad 5
italiano/-a	italienisch	Unidad 5
combinar	kombinieren, verbinden	Unidad 5
imposible	unmöglich	Unidad 5
temprano	früh	Unidad 5
poner la música a tope	die Musik laut aufdrehen	Unidad 5
a tope	bis zum Anschlag	Unidad 5
ducharse	sich duschen	Unidad 5
vestirse	sich anziehen	Unidad 5
hacer una pausa	eine Pause machen	Unidad 5
después de	nach	Unidad 5
ligero/-a	leicht	Unidad 5
ir a trabajar	zur Arbeit gehen	Unidad 5
el trabajo en grupo	Gruppenarbeit	Unidad 5
quedar	sich verabreden	Unidad 5
divertirse	sich amüsieren	Unidad 5
ya no	nicht mehr	Unidad 5
si no	ansonsten	Unidad 5
encontrarse con	(sich) treffen mit	Unidad 5
salir de marcha	ausgehen	Unidad 5
es que…	nämlich	Unidad 5
poner la mesa	den Tisch decken	Unidad 5
limpiar	putzen, sauber machen	Unidad 5
volver a casa	heimkehren	Unidad 5
pues sí	ja, in der Tat	Unidad 5
acostarse	ins Bett gehen	Unidad 5
inmediatamente	unmittelbar, umgehend	Unidad 5
clasificar	einteilen, sortieren	Unidad 5
según	gemäß, nach	Unidad 5
el tema	Thema	Unidad 5
añadir	hinzufügen	Unidad 5
alguno/-a más	noch ein/e weitere/r/s	Unidad 5
el tiempo libre	Freizeit	Unidad 5
similar	ähnlich	Unidad 5
tarde	spät	Unidad 5
el desayuno	Frühstück	Unidad 5
el momento	Moment, Augenblick	Unidad 5
recoger	(ein)sammeln	Unidad 5
empezar	beginnen, anfangen	Unidad 5
mal	schlecht	Unidad 5
perder	verpassen; verlieren	Unidad 5
dormir	schlafen	Unidad 5
la llave	Schlüssel	Unidad 5
oír	hören	Unidad 5
estar en un atasco	im Stau stehen	Unidad 5
olvidar	vergessen	Unidad 5
el (teléfono) móvil	Handy	Unidad 5
he dormido	ich habe geschlafen	Unidad 5
por fin	endlich	Unidad 5
encontrar	(vor)finden	Unidad 5
ha sonado	(er) hat geklingelt	Unidad 5
he oído	ich habe gehört	Unidad 5
estresado/-a	gestresst	Unidad 5
de mal humor	schlecht gelaunt	Unidad 5
el mal humor	schlechte Laune	Unidad 5
ha empezado	(er) hat begonnen	Unidad 5
he tenido que	ich musste	Unidad 5
el/la ex(novio/-a)	Ex-Freund/in	Unidad 5
ha escrito	(er) hat geschrieben	Unidad 5
esta mañana	heute morgen	Unidad 5
ha publicado	hat veröffentlicht	Unidad 5
tan pronto	so früh; so schnell	Unidad 5
me ha olvidado	(er) hat mich vergessen	Unidad 5
la ventana	Fenster	Unidad 5
ha nevado	es hat geschneit	Unidad 5
nevar	schneien	Unidad 5
lleno/-a	voll	Unidad 5
el/la jefe/-a	Chef/in	Unidad 5
ha llamado	(sie) hat angerufen	Unidad 5
la reunión	Besprechung, Meeting	Unidad 5
totalmente	total, völlig	Unidad 5
desmotivado/-a	demotiviert	Unidad 5
¿Qué más…?	Was noch …?	Unidad 5
de acuerdo	einverstanden	Unidad 5
sentirse	sich fühlen	Unidad 5
ha dicho	hat gesagt	Unidad 5
todavía	noch	Unidad 5
el estado de ánimo	Gemütszustand	Unidad 5
triste	traurig	Unidad 5
motivado/-a	motiviert	Unidad 5
relajado/-a	entspannt	Unidad 5
el perfecto	Perfekt	Unidad 5
el tiempo verbal	Zeitform	Unidad 5
el pasado	Vergangenheit	Unidad 5
la forma	Form	Unidad 5
el infinitivo	Infinitiv	Unidad 5
¿Cómo se forma el perfecto?	Wie wird das Perfekt gebildet?	Unidad 5
el regalo	Geschenk	Unidad 5
recibir	bekommen, empfangen	Unidad 5
el canal	Kanal	Unidad 5
la entrevista	Interview	Unidad 5
enfadado/-a	verärgert, wütend	Unidad 5
¿Cómo quedamos?	Wo und wann treffen wir uns?	Unidad 5
la agenda	Terminkalender	Unidad 5
el/la dentista	Zahnarzt/-ärztin	Unidad 5
la preparación	Vorbereitung	Unidad 5
la economía industrial	Industriewirtschaft	Unidad 5
el pádel	Padel (Ballsport)	Unidad 5
la administración de empresas	Betriebswirtschaft	Unidad 5
la dirección estratégica	strategische Geschäftsführung	Unidad 5
la estadística	Statistik	Unidad 5
la tutoría	Sprechstunde	Unidad 5
el partido	Spiel (Sport)	Unidad 5
el hockey	Hockey	Unidad 5
el equipo	Team, Mannschaft	Unidad 5
el cumpleaños	Geburtstag	Unidad 5
el buzón de voz	Mobilbox	Unidad 5
el asunto	Angelegenheit	Unidad 5
pensar	denken; vorhaben	Unidad 5
ir a + inf	etw. tun werden	Unidad 5
¿Cuándo nos vemos?	Wann sehen wir uns?	Unidad 5
Vale.	o. k., einverstanden	Unidad 5
¿Qué te parece…?	Was hältst du davon …?	Unidad 5
justo	genau, gerade	Unidad 5
seguro (que)	sicherlich	Unidad 5
terminar	(be)enden	Unidad 5
levantarse	aufstehen	Unidad 5
¿Y si…?	Wie wäre es, wenn …?	Unidad 5
pasar por	vorbeikommen	Unidad 5
genial	super, genial	Unidad 5
tener ganas (de)	Lust haben (zu)	Unidad 5
mejor otro día	lieber an einem anderen Tag	Unidad 5
jugar al pádel	Padel spielen	Unidad 5
proponer	vorschlagen	Unidad 5
la cita	Termin, Verabredung	Unidad 5
aceptar	annehmen	Unidad 5
rechazar	ablehnen	Unidad 5
Lo siento.	Es tut mir leid.	Unidad 5
la propuesta	Vorschlag	Unidad 5
la idea	Idee	Unidad 5
reaccionar	reagieren, antworten	Unidad 5
la videollamada	Videoanruf	Unidad 5
imaginar	sich vorstellen	Unidad 5
el curso de dibujo	Zeichenkurs	Unidad 5
el plan de regalo	Geschenkvorhaben	Unidad 6
el ritmo	Rhythmus	Unidad 6
la experiencia	Erlebnis, Erfahrung	Unidad 6
la adrenalina al máximo	Adrenalin pur	Unidad 6
la mochila	Rucksack	Unidad 6
la escapada	Ausflug, kleine Reise	Unidad 6
el relax	Entspannung	Unidad 6
pasear en globo	mit dem Ballon fahren	Unidad 6
hacer senderismo	wandern	Unidad 6
hacer camping	zelten	Unidad 6
hacer puenting	Bungeespringen	Unidad 6
interesante	interessant	Unidad 6
estresante	stressig, anstrengend	Unidad 6
relajante	entspannend	Unidad 6
peligroso/-a	gefährlich	Unidad 6
me parece	mir scheint, ich finde	Unidad 6
repetirse	sich wiederholen	Unidad 6
¿Te apuntas?	Machst du mit?	Unidad 6
los medios audiovisuales	audiovisuelle Medien	Unidad 6
ponerse en forma	in Form kommen	Unidad 6
mejorar	verbessern	Unidad 6
el estilo	Stil	Unidad 6
el gusto	Geschmack, Vorliebe	Unidad 6
el interés	Interesse	Unidad 6
el rey / la reina	König/in	Unidad 6
la pista	Tanzfläche	Unidad 6
la oportunidad	Gelegenheit	Unidad 6
la bachata	Bachata	Unidad 6
el merengue	Merengue	Unidad 6
el hiphop	Hip Hop	Unidad 6
el rock and roll	Rock and Roll	Unidad 6
¡Es hora de mover el esqueleto!	Nun wird das Tanzbein geschwungen!	Unidad 6
echar de menos	vermissen	Unidad 6
el piano	Klavier	Unidad 6
quejarse	sich beschweren	Unidad 6
la trompeta	Trompete	Unidad 6
el club	Club, Vereinslokal	Unidad 6
hacer conciertos	Konzerte geben	Unidad 6
durante todo el año	das ganze Jahr	Unidad 6
el rock	Rockmusik	Unidad 6
el pop	Popmusik	Unidad 6
clásico/-a	klassisch	Unidad 6
el jazz	Jazz	Unidad 6
Todo es posible.	Alles ist möglich.	Unidad 6
obtener	erhalten	Unidad 6
el crédito de libre elección	Wahlfachpunkt	Unidad 6
la ayuda	Hilfe	Unidad 6
la formación musical	musikalische Ausbildung	Unidad 6
algo de	ein bisschen, etwas	Unidad 6
estar en forma	in Form sein	Unidad 6
la entrada principal	Haupteingang	Unidad 6
correr	laufen	Unidad 6
a su ritmo	in seinem/ihrem Tempo	Unidad 6
el/la entrenador/a	Trainer/in	Unidad 6
el entrenamiento	Training	Unidad 6
nadar	schwimmen	Unidad 6
completo/-a	ganzheitlich	Unidad 6
No hay excusas.	Keine Ausreden mehr!	Unidad 6
tener lugar	stattfinden	Unidad 6
el horario de apertura	Öffnungszeiten	Unidad 6
las instalaciones	Einrichtungen, Anlagen	Unidad 6
el curso de perfeccionamiento	Aufbaukurs	Unidad 6
profesional	professionell	Unidad 6
Con eso es suficiente.	Das reicht völlig aus.	Unidad 6
suficiente	genügend, genug	Unidad 6
el taller	Workshop	Unidad 6
práctico/-a	praktisch	Unidad 6
grabar	aufnehmen	Unidad 6
editar	bearbeiten	Unidad 6
el vídeo	Video	Unidad 6
lo mismo	das Gleiche	Unidad 6
tailandés/-esa	thailändisch	Unidad 6
disfrutar	genießen	Unidad 6
el sonido	Laut, Klang; Ton	Unidad 6
lo que	das, was	Unidad 6
lo + adj	das (neutraler Artikel)	Unidad 6
el diálogo	Dialog	Unidad 6
todavía no	noch nicht	Unidad 6
ninguno/-a	keine/r/s	Unidad 6
formar	gründen	Unidad 6
el grupo de música	Musikgruppe, Band	Unidad 6
la clase de baile	Tanzstunde	Unidad 6
alguna vez	schon einmal	Unidad 6
¿Adónde?	Wohin?	Unidad 6
ir de camping	zelten	Unidad 6
¿Cuánto tiempo?	Wie lange?	Unidad 6
¿Cuántas veces?	Wie oft?	Unidad 6
expresar	äußern, ausdrücken	Unidad 6
el acuerdo	Zustimmung	Unidad 6
el desacuerdo	Widerspruch	Unidad 6
hasta ahora	bis jetzt	Unidad 6
loco/-a	verrückt	Unidad 6
colgar	aufhängen	Unidad 6
entre clase y clase	zwischen den Unterrichtsstunden	Unidad 6
responder (a)	antworten, beantworten	Unidad 6
están escuchando	(sie) hören gerade	Unidad 6
están bebiendo	(sie) trinken gerade	Unidad 6
están hablando por teléfono	(sie) telefonieren gerade	Unidad 6
corregir	korrigieren	Unidad 6
está leyendo	(sie) liest gerade	Unidad 6
el periódico	Zeitung	Unidad 6
están trabajando	(sie) arbeiten gerade	Unidad 6
el portátil	Laptop	Unidad 6
está tocando	(er) spielt gerade	Unidad 6
el/la belga	Belgier/in	Unidad 6
está durmiendo	(sie) schläft gerade	Unidad 6
la estructura	Struktur	Unidad 6
el gerundio	Gerundium	Unidad 6
reír	lachen	Unidad 6
contestar	antworten	Unidad 6
el estrés	Stress	Unidad 6
producir	hervorbringen, verursachen	Unidad 6
pasar las vacaciones	die Ferien verbringen	Unidad 6
el trabajo en equipo	Teamarbeit	Unidad 6
ir de excursión	einen Ausflug machen	Unidad 6
el piso compartido	Wohngemeinschaft	Unidad 6
ir de compras	einkaufen gehen	Unidad 6
el consejo	Ratschlag	Unidad 6
la vida privada	Privatleben	Unidad 6
afectar a la salud	sich auf die Gesundheit auswirken	Unidad 6
físico/-a	körperlich	Unidad 6
emocional	emotional	Unidad 6
evitar	vermeiden	Unidad 6
hacer ejercicio	Sport treiben	Unidad 6
regularmente	regelmäßig	Unidad 6
relajarse	sich entspannen	Unidad 6
el aparato electrónico	elektronisches Gerät	Unidad 6
el aparato	Gerät	Unidad 6
descansar	sich ausruhen	Unidad 6
regular	regelmäßig	Unidad 6
incluso	sogar	Unidad 6
proporcionar	bieten	Unidad 6
el calendario	Kalender	Unidad 6
realista	realistisch	Unidad 6
el objetivo	Ziel	Unidad 6
el descanso	Pause	Unidad 6
recargar energía	Batterien aufladen	Unidad 6
sano/-a	gesund	Unidad 6
la cafeína	Koffein	Unidad 6
el párrafo	Abschnitt	Unidad 6
popular	populär, beliebt	Unidad 6
usado/-a	verwendet, gebraucht	Unidad 6
la generación	Generation	Unidad 6
digital	digital	Unidad 6
la tendencia	Trend	Unidad 6
el/la nativo/-a digital	Digital Native	Unidad 6
realmente	eigentlich, in Wirklichkeit	Unidad 6
crecer	aufwachsen	Unidad 6
la tecnología	Technologie, Technik	Unidad 6
la infancia	Kindheit	Unidad 6
estar conectado/-a	online sein	Unidad 6
el/la internet	Internet	Unidad 6
el dispositivo	Gerät	Unidad 6
al mismo tiempo	gleichzeitig	Unidad 6
reciente	jüngst, neu	Unidad 6
la plataforma	Plattform	Unidad 6
dinámico/-a	dynamisch	Unidad 6
donde	wo (Relativpronomen)	Unidad 6
interactuar	interagieren	Unidad 6
el/la usuario/-a	Nutzer/in	Unidad 6
de momento	im Moment	Unidad 6
conectarse	sich verbinden	Unidad 6
por delante de	vor	Unidad 6
la tableta	Tablet	Unidad 6
el acceso	Zugang	Unidad 6
inmediato/-a	sofortig	Unidad 6
el contenido	Inhalt	Unidad 6
todo el tiempo	die ganze Zeit	Unidad 6
en todos los lugares	überall	Unidad 6
la parte esencial	wesentlicher Bestandteil	Unidad 6
la vida cotidiana	Alltag	Unidad 6
la encuesta	Umfrage	Unidad 6
mantener el contacto	in Kontakt bleiben	Unidad 6
la importancia	Bedeutung, Relevanz	Unidad 6
la privacidad	Privatsphäre	Unidad 6
el perfil	Profil	Unidad 6
admitir	zugeben	Unidad 6
preguntar (por)	fragen (nach)	Unidad 6
la solicitud de amistad	Freundschaftsanfrage	Unidad 6
bloquear	blockieren	Unidad 6
eliminar	löschen	Unidad 6
creativo/-a	kreativ	Unidad 6
subir	hochladen	Unidad 6
el reel	Reel	Unidad 6
el meme	Meme	Unidad 6
la marca	Marke	Unidad 6
en línea	Online	Unidad 6
afirmar	bestätigen, behaupten	Unidad 6
la confianza	Vertrauen	Unidad 6
la campaña de concienciación	Sensibilisierungskampagne	Unidad 6
por último	zuletzt	Unidad 6
utilizar	verwenden	Unidad 6
el tutorial	Tutorial	Unidad 6
la comunidad educativa	Bildungs-Community	Unidad 6
la publicación	Beitrag, Veröffentlichung	Unidad 6
el/la seguidor/a	Follower/in	Unidad 6
la sugerencia	Empfehlung	Unidad 6
la historia destacada	Featured-Story	Unidad 6
el me gusta	Like	Unidad 6
guardar	speichern	Unidad 6
con ayuda de	mithilfe	Unidad 6
el mapa asociativo	Mindmap	Unidad 6
la expresión de cantidad	Mengenangabe	Unidad 6
la cantidad	Menge	Unidad 6
sobrar	übrig bleiben	Unidad 6
la mitad	Hälfte	Unidad 6
pocos/-as	wenige	Unidad 6
todos/-as	alle	Unidad 6
nadie	niemand	Unidad 6
8 de cada 10 usuarios	8 von 10 Nutzern	Unidad 6
confiar (en)	vertrauen	Unidad 6
muchos/-as	viele	Unidad 6
el uso	Nutzung	Unidad 6
como mínimo	mindestens	Unidad 6
comentar	besprechen	Unidad 6
estar de acuerdo	einverstanden sein	Unidad 6
de verdad	wirklich, echt	Unidad 6
el resultado	Ergebnis	Unidad 6
fuera	unterwegs	Unidad 6
pensar en	denken an	Unidad 6
sorprendido/-a	überrascht	Unidad 6
quedarse	bleiben	Unidad 6
continuar	fortfahren	Unidad 6
el guion	Skript	Unidad 6
representar	aufführen	Unidad 6
la escena	Szene	Unidad 6
la versión	Version	Unidad 6
estar de moda	in Mode sein	Unidad 6
