de	of	of / from
que	that (conjunction)	that / which / who
no	no / not	no / not
a	to	to / at
y	and	and
ser	to be (essence)	to be / be
en	in / on	in / on / at
por	for / by	for / by / through / per
qué	what	what
con	with	with
el	the (masc.)	the
lo	it (neuter)	it / the
para	for / in order to	for / in order to / to
estar	to be (state)	to be / be
haber	to have (auxiliary)	to have / have / there to be
tener	to have	to have / have
le	to him / to her	to him / to her / him / her
él	he	he / him
uno	one	one / a
todo	all / everything	all / everything / every
pero	but	but
más	more	more / most
hacer	to do / to make	to do / to make / do / make
o	or	or
poder	to be able to	to be able to / can / be able
decir	to say	to say / to tell / say / tell
este	this	this
ir	to go	to go / go
otro	other / another	other / another
ese	that (one)	that
la	the (fem.)	the
si	if	if
me	me	me / myself
ya	already / now	already / now / anymore
ver	to see	to see / see
porque	because	because
dar	to give	to give / give
cuando	when	when
muy	very	very
sin	without	without
vez	time (occasion)	time / occasion
mucho	much / a lot	much / a lot / many
saber	to know (facts)	to know / know
qué	how (exclamation)	how / what
sobre	on / about	on / about / over
mi	my	my
alguno	some / any	some / any
mismo	same	same
yo	I	I
también	also / too	also / too / as well
hasta	until	until / up to
año	year	year
dos	two	two
querer	to want	to want / to love / want / love
entre	between	between / among
así	like this / so	like this / so / thus
primero	first	first
desde	from / since	from / since
grande	big / large	big / large / great
eso	that (neuter)	that
ni	nor / neither	nor / neither
nos	us	us / ourselves
llegar	to arrive	to arrive / arrive
pasar	to pass / to happen	to pass / to happen / pass / happen / spend
tiempo	time	time
ella	she	she / her
sí	yes	yes
día	day	day
uno	one (pronoun)	one
bien	well	well / fine / good
poco	little / few	little / few
deber	to owe / must	must / to owe / should / owe
entonces	then	then / so
poner	to put	to put / put / place
cosa	thing	thing
tanto	so much	so much / so many
hombre	man	man
parecer	to seem	to seem / seem / appear
nuestro	our	our
tan	so	so
donde	where	where
ahora	now	now
parte	part	part
después	after / afterwards	after / afterwards / later
vida	life	life
quedar	to stay / to remain	to stay / to remain / stay / remain
siempre	always	always
creer	to believe	to believe / believe / think
hablar	to speak / to talk	to speak / to talk / speak / talk
llevar	to carry / to take	to carry / to take / carry / take / wear
dejar	to leave / to let	to leave / to let / leave / let / allow
nada	nothing	nothing
cada	each / every	each / every
seguir	to follow / to continue	to follow / to continue / follow / continue
menos	less	less / fewer / minus
nuevo	new	new
encontrar	to find	to find / find
algo	something	something
solo	only / alone	only / alone / just
hay	there is / there are	there is / there are
mundo	world	world
tres	three	three
mujer	woman	woman
sentir	to feel	to feel / feel / be sorry
contar	to count / to tell	to count / to tell / count / tell
todavía	still / yet	still / yet
mientras	while	while / meanwhile
forma	form / way	form / way / shape
caso	case	case
nada	none	none
gobierno	government	government
empezar	to begin / to start	to begin / to start / begin / start
trabajo	work / job	work / job
casa	house / home	house / home
durante	during	during
siguiente	following / next	following / next
tipo	type / kind	type / kind / guy
buscar	to look for	to look for / search / seek
quien	who	who / whom
gran	big / great	big / great
poner	to set	to set
agua	water	water
mano	hand	hand
problema	problem	problem
trabajar	to work	to work / work
escribir	to write	to write / write
perder	to lose	to lose / lose / miss
producir	to produce	to produce / produce
ocurrir	to occur / to happen	to occur / to happen / occur / happen
historia	history / story	history / story
existir	to exist	to exist / exist
entrar	to enter	to enter / enter / go in
hora	hour / time	hour / time
servir	to serve	to serve / serve
sacar	to take out	to take out / take out / get / remove
necesitar	to need	to need / need
mantener	to maintain / to keep	to maintain / to keep / maintain / keep
resultar	to turn out	to turn out / result
información	information	information
recordar	to remember	to remember / remember
nombre	name	name
noche	night	night
real	real	real
varios	several	several
ejemplo	example	example
considerar	to consider	to consider / consider
nunca	never	never
permitir	to allow / to permit	to allow / to permit / allow / permit
aunque	although / though	although / though / even though
gente	people	people
medio	half / middle	half / middle / means
palabra	word	word
amor	love	love
ciudad	city	city
hijo	son	son / child
gustar	to like	to like / like / please
acabar	to finish / to end	to finish / to end / finish / end
salir	to leave / to go out	to leave / to go out / leave / go out / come out
país	country	country
joven	young	young / youth
sino	but rather	but rather / except
estado	state	state
muerte	death	death
fin	end	end / purpose
entender	to understand	to understand / understand
pensar	to think	to think / think
aquí	here	here
mayor	bigger / older / main	bigger / older / greater / main
caer	to fall	to fall / fall
cabeza	head	head
guerra	war	war
sociedad	society	society
puerta	door	door
verdad	truth	truth
ahí	there	there
empresa	company	company / firm
relación	relationship / relation	relationship / relation
cualquier	any	any / whatever
calle	street	street
fuerza	strength / force	strength / force
fácil	easy	easy
abrir	to open	to open / open
tomar	to take	to take / take / drink
posible	possible	possible
necesario	necessary	necessary
volver	to return / to come back	to return / to come back / return / come back
familia	family	family
toda	whole / all	whole / all
mejor	better / best	better / best
asegurar	to assure / to ensure	to assure / to ensure / assure / ensure
agua	water (the)	water
política	politics / policy	politics / policy
luego	then / later	then / later / afterwards
viejo	old	old
amigo	friend	friend
campo	field / countryside	field / countryside
luz	light	light
recibir	to receive	to receive / receive
conseguir	to get / to obtain	to get / to obtain / get / obtain / achieve
mil	thousand	thousand
gobierno	government (the)	government
mes	month	month
serio	serious	serious
acción	action	action
realizar	to carry out	to carry out / carry out / perform / make
fuera	outside	outside
final	final / end	final / end / ending
presidente	president	president
zona	zone / area	zone / area
final	end (the)	end
varios	various	various / several
deber	duty	duty
proceso	process	process
voz	voice	voice
sentido	sense / meaning	sense / meaning / direction
desde	since (time)	since
producto	product	product
respecto	regard / concerning	regard / concerning / respect
gracias	thanks	thanks / thank you
cuerpo	body	body
suponer	to suppose / to assume	to suppose / to assume / suppose / assume
clase	class / kind	class / kind / lesson
esperar	to wait / to hope	to wait / to hope / wait / hope / expect
hecho	fact / done	fact / done / deed
considerar	to regard	to regard
seguro	sure / safe	sure / safe / insurance
diferente	different	different
último	last	last / latest
total	total	total
crear	to create	to create / create
papel	paper / role	paper / role
sistema	system	system
poco	bit	bit
tierra	land / earth	land / earth / ground / soil
sino	rather	rather
cierto	certain / true	certain / true / sure
número	number	number
sentar	to sit	to sit / sit / seat
deber	must (obligation)	must
producir	to produce (make)	to produce
millón	million	million
medida	measure	measure / measurement / extent
explicar	to explain	to explain / explain
nivel	level	level
seguro	insurance	insurance
joven	youth (the)	youth
particular	particular / private	particular / private
servicio	service	service
comprender	to understand / to comprehend	to understand / to comprehend / understand / comprehend
libro	book	book
estudio	study	study
mirar	to look	to look / look / watch
incluso	even	even
presentar	to present / to introduce	to present / to introduce / present / introduce
muerto	dead	dead
político	political	political
demás	the rest / others	the rest / others
escuela	school	school
suelo	floor / ground	floor / ground / soil
falta	lack / fault	lack / fault / absence
director	director	director
ejército	army	army
base	base / basis	base / basis
respuesta	answer / response	answer / response / reply
seguro	safe	safe
costar	to cost	to cost / cost
control	control	control
económico	economic	economic
único	only / unique	only / unique
hacia	towards	towards / toward
área	area	area
arte	art	art
medio	means	means / medium
sino	but	but
situación	situation	situation
programa	program	program / programme
desarrollo	development	development
comer	to eat	to eat / eat
junto	together	together
afirmar	to affirm / to state	to affirm / to state / affirm / state / claim
condición	condition	condition
ofrecer	to offer	to offer / offer
mercado	market	market
fondo	bottom / fund / background	bottom / fund / background
extranjero	foreign / foreigner	foreign / foreigner / abroad
ganar	to win / to earn	to win / to earn / win / earn / gain
publicar	to publish	to publish / publish
matar	to kill	to kill / kill
mayoría	majority	majority
hijo	child	child
correr	to run	to run / run
realidad	reality	reality
aún	even / still	even / still / yet
nacional	national	national
señor	mister / sir / lord	mister / sir / gentleman / lord
provincia	province	province
modo	way / manner	way / manner / mode
problema	issue	issue
imagen	image / picture	image / picture
término	term	term / end
representar	to represent	to represent / represent
desaparecer	to disappear	to disappear / disappear
público	public	public
defender	to defend	to defend / defend
medio	medium	medium
familiar	familiar / family member	familiar / family member / relative
producción	production	production
abandonar	to abandon / to leave	to abandon / to leave / abandon / leave / quit
general	general	general
disponer	to arrange / to have available	to arrange / to dispose / arrange
continuar	to continue	to continue / continue
acuerdo	agreement	agreement
usar	to use	to use / use
posición	position	position
respetar	to respect	to respect / respect
tampoco	neither / either (negative)	neither / either
sangre	blood	blood
fuego	fire	fire
plan	plan	plan
animal	animal	animal
ojo	eye	eye
deseo	wish / desire	wish / desire
edad	age	age
viento	wind	wind
puesto	job / position / stand	job / position / post / stand
nadie	nobody / no one	nobody / no one
piedra	stone / rock	stone / rock
crisis	crisis	crisis
voluntad	will / willpower	will / willpower
existir	to be (exist)	to exist
elemento	element	element
caro	expensive	expensive / dear
declarar	to declare	to declare / declare / state
historia	story (the)	story
defensa	defense	defense / defence
señalar	to point out / to indicate	to point out / to indicate / point out / indicate
material	material	material
movimiento	movement	movement
ayudar	to help	to help / help
familia	family (the)	family
junto	next to	next to / beside
viaje	trip / journey	trip / journey / travel
construir	to build / to construct	to build / to construct / build / construct
cambio	change	change
detener	to stop / to detain / to arrest	to stop / to detain / stop / detain / arrest
zapato	shoe	shoe
mesa	table	table
sociedad	company (society)	society
preparar	to prepare	to prepare / prepare
pasado	past	past
cuestión	question / matter	question / matter / issue
ley	law	law
naturaleza	nature	nature
salud	health	health
periódico	newspaper	newspaper
distinto	different / distinct	different / distinct
miedo	fear	fear
proponer	to propose / to suggest	to propose / to suggest / propose / suggest
obtener	to obtain / to get	to obtain / to get / obtain / get
imaginar	to imagine	to imagine / imagine
camino	road / path / way	road / path / way
duda	doubt	doubt
brazo	arm	arm
costa	coast	coast
celebrar	to celebrate / to hold (event)	to celebrate / to hold / celebrate / hold
señora	lady / madam / Mrs.	lady / madam / Mrs / missus
crecer	to grow	to grow / grow
bajo	low / under	low / under / short
educación	education	education
desarrollar	to develop	to develop / develop
profesor	teacher / professor	teacher / professor
hacer	to make (create)	to make
significar	to mean / to signify	to mean / to signify / mean / signify
recoger	to pick up / to collect	to pick up / to collect / pick up / collect / gather
soler	to usually do	to usually / usually / to tend to
económico	economical	economical
amar	to love	to love / love
papel	role	role
mano	hand (the)	hand
mañana	morning / tomorrow	morning / tomorrow
profundo	deep	deep
aplicar	to apply	to apply / apply
fuerte	strong	strong
actividad	activity	activity
ambos	both	both
proyecto	project	project
norte	north	north
solución	solution	solution
necesidad	need / necessity	need / necessity
arma	weapon / arm	weapon / arm / gun
funcionar	to work (function)	to function / to work / function / work
acompañar	to accompany / to go with	to accompany / accompany / go with
público	audience	audience
descubrir	to discover	to discover / discover / find out
pequeño	small / little	small / little
artículo	article	article
calidad	quality	quality
cultura	culture	culture
acercar	to bring closer / to approach	to approach / approach / bring closer
deber	to have to	to have to
encontrar	to meet (find)	to meet
interés	interest	interest
peligro	danger	danger
mejor	best (the)	best
título	title	title
escena	scene	scene
hermano	brother	brother
oír	to hear	to hear / hear
pueblo	town / people	town / village / people
contestar	to answer / to reply	to answer / to reply / answer / reply
viajar	to travel	to travel / travel
caja	box	box
modelo	model	model
poder	power	power
estudiar	to study	to study / study
suficiente	enough / sufficient	enough / sufficient
desear	to wish / to desire / to want	to wish / to desire / wish / desire / want
amplio	wide / broad	wide / broad
banco	bank / bench	bank / bench
realmente	really	really
ayuda	help / aid	help / aid / assistance
acto	act	act
permanecer	to remain / to stay	to remain / to stay / remain / stay
sufrir	to suffer	to suffer / suffer
sol	sun	sun
elegir	to choose / to elect	to choose / to elect / choose / elect / pick
recuerdo	memory / souvenir	memory / souvenir / remembrance
felicidad	happiness	happiness
recurso	resource	resource
escuchar	to listen	to listen / listen / hear
hotel	hotel	hotel
beber	to drink	to drink / drink
existencia	existence	existence
militar	military	military
fenómeno	phenomenon	phenomenon
único	unique	unique
aceptar	to accept	to accept / accept
estación	station / season	station / season
demasiado	too / too much	too / too much
intentar	to try / to attempt	to try / to attempt / try / attempt
soldado	soldier	soldier
amarillo	yellow	yellow
verde	green	green
azul	blue	blue
rojo	red	red
blanco	white	white
negro	black	black
gris	gray	gray / grey
color	color	color / colour
flor	flower	flower
árbol	tree	tree
perro	dog	dog
gato	cat	cat
pájaro	bird	bird
pez	fish	fish
caballo	horse	horse
vaca	cow	cow
cerdo	pig	pig
pollo	chicken	chicken
ratón	mouse	mouse
oveja	sheep	sheep
león	lion	lion
oso	bear	bear
lobo	wolf	wolf
elefante	elephant	elephant
abeja	bee	bee
araña	spider	spider
mosca	fly (insect)	fly
serpiente	snake	snake
pan	bread	bread
leche	milk	milk
queso	cheese	cheese
huevo	egg	egg
carne	meat	meat
pescado	fish (food)	fish
fruta	fruit	fruit
manzana	apple	apple
naranja	orange	orange
plátano	banana	banana
uva	grape	grape
fresa	strawberry	strawberry
limón	lemon	lemon
tomate	tomato	tomato
patata	potato	potato / spud
cebolla	onion	onion
ajo	garlic	garlic
zanahoria	carrot	carrot
lechuga	lettuce	lettuce
arroz	rice	rice
azúcar	sugar	sugar
sal	salt	salt
pimienta	pepper	pepper
aceite	oil	oil
mantequilla	butter	butter
café	coffee	coffee
té	tea	tea
vino	wine	wine
cerveza	beer	beer
zumo	juice	juice
sopa	soup	soup
ensalada	salad	salad
pastel	cake	cake
galleta	cookie / biscuit	cookie / biscuit
chocolate	chocolate	chocolate
helado	ice cream	ice cream
desayuno	breakfast	breakfast
almuerzo	lunch	lunch
cena	dinner	dinner / supper
comida	food / meal	food / meal
restaurante	restaurant	restaurant
cocina	kitchen / cuisine	kitchen / cuisine
plato	plate / dish	plate / dish
vaso	glass (cup)	glass
taza	cup	cup
tenedor	fork	fork
cuchillo	knife	knife
cuchara	spoon	spoon
botella	bottle	bottle
servilleta	napkin	napkin
hambre	hunger	hunger
sed	thirst	thirst
cuarto	room / quarter	room / quarter
habitación	room / bedroom	room / bedroom
dormitorio	bedroom	bedroom
baño	bathroom / bath	bathroom / bath
sala	living room / hall	living room / hall / room
salón	living room / lounge	living room / lounge
comedor	dining room	dining room
garaje	garage	garage
jardín	garden / yard	garden / yard
techo	roof / ceiling	roof / ceiling
pared	wall	wall
piso	floor / apartment	floor / apartment / flat
escalera	stairs / ladder	stairs / ladder
ventana	window	window
ducha	shower	shower
cama	bed	bed
silla	chair	chair
sofá	sofa / couch	sofa / couch
espejo	mirror	mirror
lámpara	lamp	lamp
reloj	clock / watch	clock / watch
llave	key	key
toalla	towel	towel
jabón	soap	soap
ropa	clothes / clothing	clothes / clothing
camisa	shirt	shirt
camiseta	t-shirt	t-shirt
pantalón	pants / trousers	pants / trousers
falda	skirt	skirt
vestido	dress	dress
chaqueta	jacket	jacket
abrigo	coat	coat
jersey	sweater / jumper	sweater / jumper
calcetín	sock	sock
sombrero	hat	hat
gorra	cap	cap
guante	glove	glove
bufanda	scarf	scarf
cinturón	belt	belt
bolso	bag / purse / handbag	bag / purse / handbag
gafas	glasses	glasses
anillo	ring	ring
collar	necklace	necklace
cuello	neck	neck
hombro	shoulder	shoulder
espalda	back (body)	back
pecho	chest / breast	chest / breast
estómago	stomach	stomach
pierna	leg	leg
rodilla	knee	knee
pie	foot	foot
dedo	finger / toe	finger / toe
codo	elbow	elbow
muñeca	wrist / doll	wrist / doll
cara	face	face
frente	forehead / front	forehead / front
mejilla	cheek	cheek
nariz	nose	nose
boca	mouth	mouth
labio	lip	lip
diente	tooth	tooth
lengua	tongue / language	tongue / language
oreja	ear	ear
pelo	hair	hair
cabello	hair (of head)	hair
barba	beard	beard
piel	skin	skin
hueso	bone	bone
corazón	heart	heart
cerebro	brain	brain
pulmón	lung	lung
rostro	face (formal)	face
familia	relatives	relatives
padre	father	father
madre	mother	mother
padres	parents	parents
hermano	brother (sibling)	brother
hermana	sister	sister
hija	daughter	daughter
abuelo	grandfather	grandfather
abuela	grandmother	grandmother
nieto	grandson / grandchild	grandson / grandchild
tío	uncle	uncle
tía	aunt	aunt
primo	cousin	cousin
sobrino	nephew	nephew
esposo	husband	husband / spouse
esposa	wife	wife
marido	husband	husband
novio	boyfriend / groom	boyfriend / groom
novia	girlfriend / bride	girlfriend / bride
bebé	baby	baby
niño	boy / child	boy / child / kid
niña	girl	girl
chico	boy / guy	boy / guy
chica	girl	girl
adulto	adult	adult
vecino	neighbor	neighbor / neighbour
pariente	relative	relative
gemelo	twin	twin
suegro	father-in-law	father-in-law
yerno	son-in-law	son-in-law
nuera	daughter-in-law	daughter-in-law
lunes	Monday	Monday
martes	Tuesday	Tuesday
miércoles	Wednesday	Wednesday
jueves	Thursday	Thursday
viernes	Friday	Friday
sábado	Saturday	Saturday
domingo	Sunday	Sunday
enero	January	January
febrero	February	February
marzo	March	March
abril	April	April
mayo	May	May
junio	June	June
julio	July	July
agosto	August	August
septiembre	September	September
octubre	October	October
noviembre	November	November
diciembre	December	December
semana	week	week
hoy	today	today
ayer	yesterday	yesterday
tarde	afternoon / late	afternoon / late / evening
temprano	early	early
minuto	minute	minute
segundo	second	second
momento	moment	moment
rato	while (short time)	while / little while
siglo	century	century
estación	season	season
primavera	spring	spring
verano	summer	summer
otoño	autumn / fall	autumn / fall
invierno	winter	winter
cumpleaños	birthday	birthday
fecha	date	date
calendario	calendar	calendar
fiesta	party / holiday	party / holiday / festival
cero	zero	zero
cuatro	four	four
cinco	five	five
seis	six	six
siete	seven	seven
ocho	eight	eight
nueve	nine	nine
diez	ten	ten
once	eleven	eleven
doce	twelve	twelve
trece	thirteen	thirteen
catorce	fourteen	fourteen
quince	fifteen	fifteen
veinte	twenty	twenty
treinta	thirty	thirty
cuarenta	forty	forty
cincuenta	fifty	fifty
sesenta	sixty	sixty
setenta	seventy	seventy
ochenta	eighty	eighty
noventa	ninety	ninety
cien	hundred	hundred / one hundred
medio	half	half
mitad	half	half
doble	double	double
par	pair	pair
docena	dozen	dozen
segundo	second (order)	second
tercero	third	third
cuarto	fourth	fourth
quinto	fifth	fifth
trabajo	job	job
empleo	job / employment	job / employment
oficina	office	office
jefe	boss	boss
empleado	employee	employee
cliente	client / customer	client / customer
reunión	meeting	meeting
negocio	business	business
dinero	money	money
precio	price	price
factura	invoice / bill	invoice / bill
cuenta	account / bill	account / bill
tarjeta	card	card
moneda	coin / currency	coin / currency
billete	bill (money) / ticket	banknote / bill / ticket
sueldo	salary / wage	salary / wage / pay
impuesto	tax	tax
banco	bank	bank
caja	cash register / box	cash register / box
compra	purchase / shopping	purchase / shopping
venta	sale	sale
tienda	store / shop	store / shop
supermercado	supermarket	supermarket
mercado	market	market
producto	product	product
marca	brand / mark	brand / mark
oferta	offer / deal	offer / deal
descuento	discount	discount
gratis	free (no cost)	free
caro	expensive	expensive
barato	cheap	cheap
profesión	profession	profession
médico	doctor	doctor / physician
enfermero	nurse	nurse
abogado	lawyer	lawyer
ingeniero	engineer	engineer
maestro	teacher	teacher
estudiante	student	student
policía	police / police officer	police / police officer
bombero	firefighter	firefighter
cocinero	cook / chef	cook / chef
camarero	waiter	waiter
vendedor	seller / salesperson	seller / salesperson
agricultor	farmer	farmer
artista	artist	artist
escritor	writer	writer
actor	actor	actor
cantante	singer	singer
músico	musician	musician
pintor	painter	painter
científico	scientist	scientist
piloto	pilot	pilot
conductor	driver	driver
carpintero	carpenter	carpenter
mecánico	mechanic	mechanic
electricista	electrician	electrician
peluquero	hairdresser	hairdresser
dentista	dentist	dentist
escuela	school	school
universidad	university	university
colegio	school / college	school / college
clase	class	class
aula	classroom	classroom
alumno	pupil / student	pupil / student
lección	lesson	lesson
tarea	task / homework	task / homework
examen	exam / test	exam / test
nota	grade / note	grade / note / mark
curso	course	course
materia	subject	subject
pregunta	question	question
respuesta	answer	answer
cuaderno	notebook	notebook
lápiz	pencil	pencil
bolígrafo	pen	pen
goma	eraser / rubber	eraser / rubber
regla	ruler / rule	ruler / rule
tijeras	scissors	scissors
pizarra	blackboard / whiteboard	blackboard / whiteboard
diccionario	dictionary	dictionary
biblioteca	library	library
mochila	backpack	backpack
matemáticas	mathematics / math	mathematics / math / maths
ciencia	science	science
geografía	geography	geography
química	chemistry	chemistry
física	physics	physics
idioma	language	language
coche	car	car
auto	car	car / auto
autobús	bus	bus
tren	train	train
avión	airplane / plane	airplane / plane / aeroplane
barco	ship / boat	ship / boat
bicicleta	bicycle / bike	bicycle / bike
moto	motorcycle	motorcycle / motorbike
camión	truck / lorry	truck / lorry
taxi	taxi	taxi
metro	subway / metro	subway / metro / underground
aeropuerto	airport	airport
estación	station	station
parada	stop	stop
billete	ticket	ticket
boleto	ticket	ticket
viaje	trip	trip
maleta	suitcase	suitcase
equipaje	luggage / baggage	luggage / baggage
pasaporte	passport	passport
carretera	highway / road	highway / road
calle	street	street
avenida	avenue	avenue
plaza	square / plaza	square / plaza
puente	bridge	bridge
esquina	corner	corner
acera	sidewalk / pavement	sidewalk / pavement
semáforo	traffic light	traffic light
gasolina	gasoline / petrol	gasoline / petrol / gas
rueda	wheel	wheel
motor	engine / motor	engine / motor
mapa	map	map
ciudad	city	city
pueblo	village / town	village / town
capital	capital	capital
campo	countryside	countryside
montaña	mountain	mountain
colina	hill	hill
valle	valley	valley
río	river	river
lago	lake	lake
mar	sea	sea
océano	ocean	ocean
playa	beach	beach
isla	island	island
bosque	forest / woods	forest / woods
desierto	desert	desert
selva	jungle	jungle
cielo	sky / heaven	sky / heaven
nube	cloud	cloud
estrella	star	star
luna	moon	moon
planeta	planet	planet
mundo	world	world
naturaleza	nature	nature
tiempo	weather	weather
clima	climate	climate
lluvia	rain	rain
nieve	snow	snow
hielo	ice	ice
viento	wind	wind
tormenta	storm	storm
trueno	thunder	thunder
relámpago	lightning	lightning
niebla	fog	fog
calor	heat	heat
frío	cold	cold
temperatura	temperature	temperature
grado	degree	degree
sombra	shadow / shade	shadow / shade
arena	sand	sand
roca	rock	rock
tierra	earth / soil	earth / soil / ground
hierba	grass	grass
hoja	leaf / sheet	leaf / sheet
rama	branch	branch
raíz	root	root
semilla	seed	seed
planta	plant	plant
cuerpo	body	body
salud	health	health
enfermedad	illness / disease	illness / disease / sickness
dolor	pain / ache	pain / ache
fiebre	fever	fever
tos	cough	cough
herida	wound / injury	wound / injury
sangre	blood	blood
hospital	hospital	hospital
medicina	medicine	medicine
pastilla	pill / tablet	pill / tablet
farmacia	pharmacy	pharmacy
cura	cure	cure
vida	life	life
muerte	death	death
nacimiento	birth	birth
cuerpo	body (the)	body
mente	mind	mind
alma	soul	soul
fuerza	strength	strength
energía	energy	energy
sueño	dream / sleep	dream / sleep
descanso	rest	rest
ejercicio	exercise	exercise
deporte	sport	sport
fútbol	soccer / football	soccer / football
baloncesto	basketball	basketball
tenis	tennis	tennis
natación	swimming	swimming
juego	game	game
pelota	ball	ball
equipo	team / equipment	team / equipment
jugador	player	player
partido	match / game / party	match / game / party
campeón	champion	champion
premio	prize / award	prize / award
medalla	medal	medal
música	music	music
canción	song	song
instrumento	instrument	instrument
guitarra	guitar	guitar
piano	piano	piano
violín	violin	violin
tambor	drum	drum
baile	dance	dance
arte	art	art
pintura	painting / paint	painting / paint
dibujo	drawing	drawing
foto	photo	photo / photograph
película	movie / film	movie / film
cine	cinema / movies	cinema / movies
teatro	theater	theater / theatre
libro	book	book
revista	magazine	magazine
periódico	newspaper	newspaper
noticia	news	news
cuento	story / tale	story / tale
poema	poem	poem
novela	novel	novel
autor	author	author
personaje	character	character
página	page	page
letra	letter (alphabet) / lyrics	letter / lyrics
palabra	word	word
frase	sentence / phrase	sentence / phrase
historia	history	history
casa	house	house
hogar	home	home
edificio	building	building
apartamento	apartment	apartment / flat
muro	wall	wall
puerta	door	door
ventana	window	window
suelo	floor	floor
mueble	furniture	furniture
objeto	object	object
cosa	thing	thing
herramienta	tool	tool
máquina	machine	machine
ordenador	computer	computer
computadora	computer	computer
teléfono	telephone / phone	telephone / phone
móvil	cell phone / mobile	cell phone / mobile
pantalla	screen	screen
teclado	keyboard	keyboard
internet	internet	internet
correo	mail / email	mail / email / post
mensaje	message	message
red	network / net	network / net
cámara	camera	camera
televisión	television / TV	television / TV
radio	radio	radio
electricidad	electricity	electricity
batería	battery	battery
fuego	fire	fire
humo	smoke	smoke
ceniza	ash	ash
papel	paper	paper
caja	box	box
bolsa	bag	bag
botella	bottle	bottle
lata	can / tin	can / tin
cuerda	rope / cord	rope / cord / string
clavo	nail	nail
martillo	hammer	hammer
escoba	broom	broom
cubo	bucket / cube	bucket / cube
hilo	thread	thread
aguja	needle	needle
amor	love	love
amistad	friendship	friendship
felicidad	happiness	happiness
alegría	joy	joy
tristeza	sadness	sadness
miedo	fear	fear
enojo	anger	anger
ira	anger / rage	anger / rage / wrath
sorpresa	surprise	surprise
esperanza	hope	hope
deseo	desire / wish	desire / wish
duda	doubt	doubt
verdad	truth	truth
mentira	lie	lie
secreto	secret	secret
idea	idea	idea
pensamiento	thought	thought
opinión	opinion	opinion
razón	reason	reason
sentimiento	feeling	feeling
emoción	emotion	emotion
carácter	character / personality	character / personality
costumbre	custom / habit	custom / habit
suerte	luck	luck
paz	peace	peace
libertad	freedom / liberty	freedom / liberty
justicia	justice	justice
derecho	right / law	right / law
deber	duty	duty
respeto	respect	respect
orgullo	pride	pride
valor	courage / value	courage / value
honor	honor	honor / honour
fe	faith	faith
religión	religion	religion
dios	god	god
iglesia	church	church
cielo	heaven	heaven
infierno	hell	hell
ángel	angel	angel
espíritu	spirit	spirit
gobierno	government	government
presidente	president	president
rey	king	king
reina	queen	queen
príncipe	prince	prince
princesa	princess	princess
político	politician	politician
elección	election / choice	election / choice
voto	vote	vote
partido	party (political)	party
nación	nation	nation
estado	state	state
patria	homeland	homeland
bandera	flag	flag
frontera	border	border
pueblo	people	people
ciudadano	citizen	citizen
población	population	population
sociedad	society	society
comunidad	community	community
grupo	group	group
miembro	member	member
líder	leader	leader
poder	power	power
guerra	war	war
paz	peace	peace
ejército	army	army
soldado	soldier	soldier
arma	weapon	weapon
batalla	battle	battle
victoria	victory	victory
derrota	defeat	defeat
enemigo	enemy	enemy
héroe	hero	hero
crimen	crime	crime
ladrón	thief	thief
cárcel	prison / jail	prison / jail
juez	judge	judge
testigo	witness	witness
castigo	punishment	punishment
multa	fine	fine
peligro	danger	danger
seguridad	safety / security	safety / security
ley	law	law
regla	rule	rule
orden	order	order
permiso	permission / permit	permission / permit
prohibido	forbidden	forbidden
verde	green (the)	green
bueno	good	good
malo	bad	bad
grande	big	big
pequeño	small	small
alto	tall / high	tall / high
bajo	short / low	short / low
largo	long	long
corto	short	short
ancho	wide	wide
estrecho	narrow	narrow
gordo	fat	fat
delgado	thin	thin
flaco	skinny / thin	skinny / thin
fuerte	strong	strong
débil	weak	weak
joven	young	young
viejo	old	old
nuevo	new	new
antiguo	old / ancient	old / ancient
rápido	fast / quick	fast / quick
lento	slow	slow
fácil	easy	easy
difícil	difficult / hard	difficult / hard
caliente	hot	hot
frío	cold	cold
limpio	clean	clean
sucio	dirty	dirty
lleno	full	full
vacío	empty	empty
rico	rich / tasty	rich / tasty / delicious
pobre	poor	poor
caro	expensive	expensive
barato	cheap	cheap
bonito	pretty / nice	pretty / nice
feo	ugly	ugly
hermoso	beautiful	beautiful
guapo	handsome / good-looking	handsome / good-looking
bello	beautiful	beautiful
claro	clear / light	clear / light
oscuro	dark	dark
duro	hard / tough	hard / tough
blando	soft	soft
suave	soft / smooth	soft / smooth
liso	smooth / flat	smooth / flat
seco	dry	dry
mojado	wet	wet
húmedo	humid / damp	humid / damp
profundo	deep	deep
ligero	light (weight)	light
pesado	heavy	heavy
dulce	sweet	sweet
salado	salty	salty
amargo	bitter	bitter
agrio	sour	sour
picante	spicy / hot	spicy / hot
fresco	fresh / cool	fresh / cool
maduro	ripe / mature	ripe / mature
sano	healthy	healthy
enfermo	sick / ill	sick / ill
cansado	tired	tired
ocupado	busy	busy
libre	free / available	free / available
listo	ready / clever	ready / clever / smart
inteligente	intelligent / smart	intelligent / smart
tonto	silly / dumb	silly / dumb / stupid
loco	crazy / mad	crazy / mad
serio	serious	serious
divertido	fun / funny	fun / funny
aburrido	boring / bored	boring / bored
feliz	happy	happy
triste	sad	sad
contento	glad / happy	glad / happy / pleased
enojado	angry / mad	angry / mad
enfadado	angry	angry
nervioso	nervous	nervous
tranquilo	calm / quiet	calm / quiet
amable	kind / friendly	kind / friendly
simpático	nice / friendly	nice / friendly
antipático	unfriendly	unfriendly
generoso	generous	generous
egoísta	selfish	selfish
honesto	honest	honest
valiente	brave	brave
cobarde	cowardly / coward	cowardly / coward
educado	polite	polite
grosero	rude	rude
celoso	jealous	jealous
orgulloso	proud	proud
importante	important	important
necesario	necessary	necessary
posible	possible	possible
imposible	impossible	impossible
verdadero	true / real	true / real
falso	false / fake	false / fake
correcto	correct / right	correct / right
incorrecto	incorrect / wrong	incorrect / wrong
cierto	true / certain	true / certain
seguro	sure	sure
peligroso	dangerous	dangerous
útil	useful	useful
inútil	useless	useless
común	common	common
raro	rare / strange	rare / strange / weird
extraño	strange / foreign	strange / foreign
normal	normal	normal
especial	special	special
diferente	different	different
igual	equal / same	equal / same
parecido	similar	similar
solo	alone	alone
único	only / unique	only / unique
entero	whole / entire	whole / entire
medio	half	half
mucho	much / a lot	much / a lot
poco	little	little
bastante	enough / quite	enough / quite
demasiado	too much	too much
varios	several	several
algunos	some	some
ninguno	none / no	none / no
todo	all	all
cada	each	each
ambos	both	both
otro	other / another	other / another
mismo	same	same
propio	own	own
cualquiera	any / whichever	any / whichever
hablar	to speak	to speak / speak / talk
decir	to say / to tell	to say / to tell / say / tell
preguntar	to ask	to ask / ask
responder	to answer / to respond	to answer / to respond / answer / respond
contar	to tell / to count	to tell / to count / tell / count
explicar	to explain	to explain / explain
gritar	to shout / to scream	to shout / to scream / shout / scream
callar	to be quiet	to be quiet / be quiet / shut up
llamar	to call	to call / call
charlar	to chat	to chat / chat
discutir	to argue / to discuss	to argue / to discuss / argue / discuss
mentir	to lie	to lie / lie
prometer	to promise	to promise / promise
saludar	to greet	to greet / greet
agradecer	to thank	to thank / thank
pedir	to ask for / to request	to ask for / to request / ask for / request / order
ver	to see	to see / see
mirar	to look / to watch	to look / to watch / look / watch
oír	to hear	to hear / hear
escuchar	to listen	to listen / listen
oler	to smell	to smell / smell
tocar	to touch / to play	to touch / to play / touch / play
probar	to try / to taste	to try / to taste / try / taste / test
sentir	to feel	to feel / feel
notar	to notice	to notice / notice
observar	to observe / to watch	to observe / to watch / observe / watch
comer	to eat	to eat / eat
beber	to drink	to drink / drink
cocinar	to cook	to cook / cook
desayunar	to have breakfast	to have breakfast / have breakfast
cenar	to have dinner	to have dinner / have dinner
tragar	to swallow	to swallow / swallow
masticar	to chew	to chew / chew
ir	to go	to go / go
venir	to come	to come / come
llegar	to arrive	to arrive / arrive
salir	to leave / to go out	to leave / to go out / leave / go out
entrar	to enter / to come in	to enter / to come in / enter / come in
volver	to return	to return / return / come back
regresar	to return / to go back	to return / to go back / return / go back
subir	to go up / to climb	to go up / to climb / go up / climb / rise
bajar	to go down / to lower	to go down / to lower / go down / lower
caminar	to walk	to walk / walk
correr	to run	to run / run
saltar	to jump	to jump / jump
nadar	to swim	to swim / swim
volar	to fly	to fly / fly
caer	to fall	to fall / fall
seguir	to follow	to follow / follow
parar	to stop	to stop / stop
mover	to move	to move / move
viajar	to travel	to travel / travel
conducir	to drive	to drive / drive
montar	to ride	to ride / ride / mount
cruzar	to cross	to cross / cross
empujar	to push	to push / push
tirar	to throw / to pull	to throw / to pull / throw / pull
hacer	to do / to make	to do / to make / do / make
crear	to create	to create / create
construir	to build	to build / build
romper	to break	to break / break
arreglar	to fix / to arrange	to fix / to arrange / fix / arrange / repair
usar	to use	to use / use
abrir	to open	to open / open
cerrar	to close / to shut	to close / to shut / close / shut
empezar	to start / to begin	to start / to begin / start / begin
comenzar	to begin / to start	to begin / to start / begin / start
terminar	to finish / to end	to finish / to end / finish / end
acabar	to finish	to finish / finish
continuar	to continue	to continue / continue
intentar	to try	to try / try / attempt
lograr	to achieve / to manage	to achieve / to manage / achieve / manage
conseguir	to get / to obtain	to get / to obtain / get / obtain
trabajar	to work	to work / work
descansar	to rest	to rest / rest
jugar	to play	to play / play
ganar	to win / to earn	to win / to earn / win / earn
perder	to lose	to lose / lose
buscar	to look for / to search	to look for / to search / look for / search
encontrar	to find	to find / find
guardar	to keep / to save	to keep / to save / keep / save
poner	to put / to place	to put / to place / put / place
quitar	to remove / to take off	to remove / to take off / remove / take off
coger	to take / to grab	to take / to grab / take / grab
agarrar	to grab / to hold	to grab / to hold / grab / hold
soltar	to let go / to release	to let go / to release / let go / release
llevar	to carry / to wear	to carry / to wear / carry / wear / take
traer	to bring	to bring / bring
dar	to give	to give / give
recibir	to receive	to receive / receive
tomar	to take / to drink	to take / to drink / take / drink
dejar	to leave / to let	to leave / to let / leave / let
mostrar	to show	to show / show
esconder	to hide	to hide / hide
cubrir	to cover	to cover / cover
llenar	to fill	to fill / fill
vaciar	to empty	to empty / empty
limpiar	to clean	to clean / clean
lavar	to wash	to wash / wash
secar	to dry	to dry / dry
cortar	to cut	to cut / cut
pegar	to stick / to hit	to stick / to hit / stick / hit / glue
doblar	to fold / to bend / to turn	to fold / to bend / fold / bend / turn
atar	to tie	to tie / tie
pensar	to think	to think / think
creer	to believe	to believe / believe
saber	to know (facts)	to know / know
conocer	to know (people) / to meet	to know / to meet / know / meet
entender	to understand	to understand / understand
comprender	to understand	to understand / understand
aprender	to learn	to learn / learn
enseñar	to teach / to show	to teach / to show / teach / show
estudiar	to study	to study / study
recordar	to remember	to remember / remember
olvidar	to forget	to forget / forget
imaginar	to imagine	to imagine / imagine
soñar	to dream	to dream / dream
decidir	to decide	to decide / decide
elegir	to choose	to choose / choose / elect
dudar	to doubt	to doubt / doubt
adivinar	to guess	to guess / guess
querer	to want / to love	to want / to love / want / love
amar	to love	to love / love
gustar	to like	to like / like
odiar	to hate	to hate / hate
necesitar	to need	to need / need
esperar	to wait / to hope	to wait / to hope / wait / hope / expect
preferir	to prefer	to prefer / prefer
desear	to wish / to want	to wish / to want / wish / want
tener	to have	to have / have
poseer	to own / to possess	to own / to possess / own / possess
pertenecer	to belong	to belong / belong
faltar	to be missing / to lack	to be missing / to lack / be missing / lack
sobrar	to be left over	to be left over / be left over
nacer	to be born	to be born / be born
vivir	to live	to live / live
morir	to die	to die / die
matar	to kill	to kill / kill
crecer	to grow	to grow / grow
cambiar	to change	to change / change
mejorar	to improve	to improve / improve
empeorar	to worsen	to worsen / worsen / get worse
ayudar	to help	to help / help
cuidar	to take care of	to take care of / take care / care for
proteger	to protect	to protect / protect
salvar	to save / to rescue	to save / to rescue / save / rescue
servir	to serve	to serve / serve
ofrecer	to offer	to offer / offer
pagar	to pay	to pay / pay
comprar	to buy	to buy / buy
vender	to sell	to sell / sell
gastar	to spend	to spend / spend
costar	to cost	to cost / cost
deber	to owe	to owe / owe
ahorrar	to save (money)	to save / save
prestar	to lend	to lend / lend
alquilar	to rent	to rent / rent
escribir	to write	to write / write
leer	to read	to read / read
dibujar	to draw	to draw / draw
pintar	to paint	to paint / paint
cantar	to sing	to sing / sing
bailar	to dance	to dance / dance
reír	to laugh	to laugh / laugh
llorar	to cry	to cry / cry
sonreír	to smile	to smile / smile
besar	to kiss	to kiss / kiss
abrazar	to hug / to embrace	to hug / to embrace / hug / embrace
dormir	to sleep	to sleep / sleep
despertar	to wake up	to wake up / wake up
levantar	to lift / to raise	to lift / to raise / lift / raise
sentar	to sit	to sit / sit
acostar	to lie down / to put to bed	to lie down / lie down / go to bed
vestir	to dress	to dress / dress / get dressed
peinar	to comb	to comb / comb
ducharse	to take a shower	to shower / shower / take a shower
contestar	to answer	to answer / answer
recoger	to pick up	to pick up / pick up / collect
repetir	to repeat	to repeat / repeat
añadir	to add	to add / add
sumar	to add up	to add / add up
restar	to subtract	to subtract / subtract
contar	to count	to count / count
medir	to measure	to measure / measure
pesar	to weigh	to weigh / weigh
cocer	to cook / to boil	to cook / to boil / cook / boil
freír	to fry	to fry / fry
hervir	to boil	to boil / boil
calentar	to heat / to warm	to heat / to warm / heat / warm
enfriar	to cool	to cool / cool
encender	to turn on / to light	to turn on / to light / turn on / light
apagar	to turn off	to turn off / turn off
funcionar	to work / to function	to work / to function / work / function
ocurrir	to happen / to occur	to happen / to occur / happen / occur
pasar	to happen / to pass	to happen / to pass / happen / pass
suceder	to happen	to happen / happen
aparecer	to appear	to appear / appear
desaparecer	to disappear	to disappear / disappear
parecer	to seem / to appear	to seem / to appear / seem / appear
mostrar	to display	to display / display
significar	to mean	to mean / mean
importar	to matter / to import	to matter / matter
preocupar	to worry	to worry / worry
sorprender	to surprise	to surprise / surprise
asustar	to scare / to frighten	to scare / to frighten / scare / frighten
molestar	to bother / to annoy	to bother / to annoy / bother / annoy
enojar	to anger	to anger / anger / make angry
disfrutar	to enjoy	to enjoy / enjoy
divertir	to amuse / to have fun	to amuse / amuse / have fun
celebrar	to celebrate	to celebrate / celebrate
ganar	to gain	to gain / gain
participar	to participate	to participate / participate / take part
organizar	to organize	to organize / organize
preparar	to prepare	to prepare / prepare
planear	to plan	to plan / plan
evitar	to avoid	to avoid / avoid
permitir	to allow	to allow / allow / permit
prohibir	to forbid / to ban	to forbid / to ban / forbid / ban / prohibit
obligar	to force / to oblige	to force / to oblige / force / oblige
mandar	to send / to order	to send / to order / send / order
enviar	to send	to send / send
recibir	to get / to receive	to get / to receive / get / receive
controlar	to control	to control / control
dirigir	to direct / to lead	to direct / to lead / direct / lead
mandar	to command	to command / command
obedecer	to obey	to obey / obey
luchar	to fight / to struggle	to fight / to struggle / fight / struggle
pelear	to fight	to fight / fight
atacar	to attack	to attack / attack
defender	to defend	to defend / defend
golpear	to hit / to beat	to hit / to beat / hit / beat
herir	to wound / to hurt	to wound / to hurt / wound / hurt
disparar	to shoot	to shoot / shoot
ganar	to win (game)	to win / win
respetar	to respect	to respect / respect
admirar	to admire	to admire / admire
felicitar	to congratulate	to congratulate / congratulate
invitar	to invite	to invite / invite
visitar	to visit	to visit / visit
acompañar	to accompany	to accompany / accompany
presentar	to introduce / to present	to introduce / to present / introduce / present
conocer	to meet	to meet / meet
casarse	to get married	to marry / marry / get married
separar	to separate	to separate / separate
juntar	to join / to gather	to join / to gather / join / gather
unir	to unite / to join	to unite / to join / unite / join
reunir	to gather / to meet	to gather / to meet / gather
compartir	to share	to share / share
repartir	to distribute / to share out	to distribute / distribute / share out
firmar	to sign	to sign / sign
publicar	to publish	to publish / publish
informar	to inform / to report	to inform / to report / inform / report
anunciar	to announce	to announce / announce
avisar	to warn / to notify	to warn / to notify / warn / notify
comentar	to comment	to comment / comment
describir	to describe	to describe / describe
nombrar	to name	to name / name
indicar	to indicate / to point out	to indicate / to point out / indicate / point out
señalar	to point out	to point out / point out
demostrar	to demonstrate / to prove	to demonstrate / to prove / demonstrate / prove
probar	to prove	to prove / prove
negar	to deny	to deny / deny
aceptar	to accept	to accept / accept
rechazar	to reject	to reject / reject
permitir	to let	to let / let
ofrecer	to provide	to provide / provide
conseguir	to achieve	to achieve / achieve
fallar	to fail	to fail / fail
acertar	to get it right	to get right / get it right / be right
equivocarse	to be wrong / to make a mistake	to be wrong / be wrong / make a mistake
arriba	up / above	up / above
abajo	down / below	down / below
adelante	forward / ahead	forward / ahead
atrás	back / behind	back / behind
dentro	inside	inside
fuera	outside	outside
cerca	near / close	near / close
lejos	far	far
encima	on top / above	on top / above
debajo	under / below	under / below
delante	in front	in front
detrás	behind	behind
alrededor	around	around
aquí	here	here
ahí	there	there
allí	there (over there)	there
allá	over there	over there
donde	where	where
adonde	to where	to where
enfrente	opposite / across	opposite / across
junto	next to	next to / beside
entonces	then	then
luego	later / then	later / then
pronto	soon	soon
tarde	late	late
temprano	early	early
antes	before	before
después	after	after
mientras	while	while
durante	during	during
ahora	now	now
ya	already	already
todavía	still / yet	still / yet
aún	still / yet	still / yet
nunca	never	never
jamás	never	never
siempre	always	always
hoy	today	today
ayer	yesterday	yesterday
mañana	tomorrow	tomorrow
anoche	last night	last night
recién	recently / just	recently / just
enseguida	right away	right away / immediately
finalmente	finally	finally
mientras tanto	meanwhile	meanwhile
así	thus / like this	thus / like this / so
bien	well	well
mal	badly / bad	badly / bad
mejor	better	better
peor	worse	worse
despacio	slowly	slowly
deprisa	quickly / fast	quickly / fast
rápidamente	quickly	quickly
juntos	together	together
solo	only	only
solamente	only	only
también	also	also
tampoco	neither	neither
además	besides / also	besides / also / moreover
incluso	even	even
casi	almost	almost
apenas	hardly / barely	hardly / barely
quizás	maybe / perhaps	maybe / perhaps
tal vez	maybe / perhaps	maybe / perhaps
seguramente	surely / probably	surely / probably
realmente	really	really
verdaderamente	truly	truly
claro	of course / clearly	of course / clearly
por supuesto	of course	of course
sí	yes	yes
no	no	no
muy	very	very
mucho	a lot	a lot
poco	little	little
demasiado	too	too
bastante	quite / enough	quite / enough
más	more	more
menos	less	less
tan	so	so
tanto	so much	so much
qué	how	how
cómo	how	how
cuándo	when	when
dónde	where	where
quién	who	who
cuánto	how much	how much
cuál	which	which
por qué	why	why
porque	because	because
si	if / whether	if / whether
aunque	although	although
pero	but	but
sino	but rather	but rather
y	and	and
e	and	and
o	or	or
u	or	or
ni	nor	nor
pues	well / since	well / since
entonces	so / then	so / then
sin embargo	however	however
por eso	therefore	therefore
por lo tanto	therefore	therefore
es decir	that is	that is / in other words
en cambio	on the other hand	on the other hand
a pesar de	despite	despite / in spite of
gracias a	thanks to	thanks to
debido a	due to	due to / because of
según	according to	according to
sobre	about / on	about / on
bajo	under	under
ante	before / in front of	before / in front of
tras	after / behind	after / behind
hacia	towards	towards / toward
hasta	until / up to	until / up to
desde	from / since	from / since
durante	during	during
mediante	by means of	by means of / through
contra	against	against
entre	between	between / among
con	with	with
sin	without	without
para	for	for
por	for / by	for / by
de	of / from	of / from
en	in / on / at	in / on / at
a	to / at	to / at
yo	I	I
tú	you (informal)	you
usted	you (formal)	you
él	he	he
ella	she	she
nosotros	we	we
vosotros	you (plural informal)	you
ustedes	you (plural)	you
ellos	they (masc.)	they
ellas	they (fem.)	they
me	me	me
te	you	you
le	him / her	him / her
nos	us	us
os	you (plural)	you
les	them	them
mí	me	me
ti	you	you
conmigo	with me	with me
contigo	with you	with you
mío	mine	mine
tuyo	yours	yours
suyo	his / hers	his / hers
nuestro	ours	ours
este	this	this
esta	this	this
ese	that	that
esa	that	that
aquel	that (over there)	that
esto	this	this
eso	that	that
aquello	that	that
quien	who	who
cuyo	whose	whose
alguien	someone	someone
nadie	no one / nobody	no one / nobody
algo	something	something
nada	nothing	nothing
todos	everyone / all	everyone / all
mucho	many	many
varios	several	several
demasiado	too many	too many
medio	middle	middle
final	end	end
principio	beginning	beginning
mitad	half	half
parte	part	part
trozo	piece	piece
pedazo	piece	piece
montón	pile / lot	pile / a lot
grupo	group	group
fila	row / line	row / line
línea	line	line
punto	point / dot	point / dot
lado	side	side
borde	edge	edge
centro	center	center / centre
extremo	end / extreme	end / extreme
frente	front	front
espalda	back	back
forma	shape / form	shape / form
tamaño	size	size
peso	weight	weight
altura	height	height
anchura	width	width
longitud	length	length
distancia	distance	distance
velocidad	speed	speed
cantidad	quantity / amount	quantity / amount
número	number	number
cifra	figure / number	figure / number
total	total	total
resto	rest / remainder	rest / remainder
porcentaje	percentage	percentage
parte	share / part	share / part
manera	way / manner	way / manner
modo	way / mode	way / mode
forma	way	way
medio	means	means
método	method	method
sistema	system	system
plan	plan	plan
proyecto	project	project
proceso	process	process
paso	step	step
etapa	stage / phase	stage / phase
intento	attempt	attempt
prueba	test / proof	test / proof
resultado	result	result
consecuencia	consequence	consequence
efecto	effect	effect
causa	cause	cause
motivo	reason / motive	reason / motive
razón	reason	reason
objetivo	objective / goal	objective / goal
meta	goal	goal
propósito	purpose	purpose
sentido	sense / meaning	sense / meaning
significado	meaning	meaning
valor	value	value
importancia	importance	importance
ventaja	advantage	advantage
desventaja	disadvantage	disadvantage
problema	problem	problem
dificultad	difficulty	difficulty
solución	solution	solution
error	mistake / error	mistake / error
fallo	failure / fault	failure / fault
éxito	success	success
fracaso	failure	failure
oportunidad	opportunity / chance	opportunity / chance
posibilidad	possibility	possibility
riesgo	risk	risk
suerte	luck	luck
casualidad	chance / coincidence	chance / coincidence
realidad	reality	reality
hecho	fact	fact
detalle	detail	detail
ejemplo	example	example
caso	case	case
situación	situation	situation
estado	state / status	state / status
condición	condition	condition
circunstancia	circumstance	circumstance
ambiente	environment / atmosphere	environment / atmosphere
lugar	place	place
sitio	place / site	place / site
espacio	space	space
zona	area / zone	area / zone
región	region	region
territorio	territory	territory
parte	area	area
rincón	corner	corner
nivel	level	level
posición	position	position
puesto	position / post	position / post
rango	rank	rank
orden	order	order
turno	turn / shift	turn / shift
vez	time / occasion	time / occasion
ocasión	occasion	occasion
suceso	event	event
acontecimiento	event	event
evento	event	event
actividad	activity	activity
acción	action	action
movimiento	movement	movement
gesto	gesture	gesture
esfuerzo	effort	effort
trabajo	work	work
tarea	task	task
función	function / role	function / role
papel	role	role
responsabilidad	responsibility	responsibility
obligación	obligation	obligation
derecho	right	right
deber	duty	duty
norma	rule / norm	rule / norm
regla	rule	rule
costumbre	custom	custom
tradición	tradition	tradition
moda	fashion	fashion
estilo	style	style
gusto	taste	taste
moda	trend	trend
información	information	information
dato	data / fact	data / fact
noticia	news	news
mensaje	message	message
señal	sign / signal	sign / signal
aviso	notice / warning	notice / warning
anuncio	announcement / ad	announcement / advertisement
pregunta	question	question
respuesta	answer	answer
explicación	explanation	explanation
descripción	description	description
comentario	comment	comment
opinión	opinion	opinion
idea	idea	idea
concepto	concept	concept
tema	topic / subject	topic / subject
asunto	matter / affair	matter / affair
cuestión	question / matter	question / matter
duda	doubt	doubt
secreto	secret	secret
verdad	truth	truth
mentira	lie	lie
historia	story	story
relato	tale / account	tale / account
recuerdo	memory	memory
imagen	image	image
foto	photo	photo
dibujo	drawing	drawing
cuadro	picture / painting	picture / painting
color	color	color
luz	light	light
sonido	sound	sound
ruido	noise	noise
voz	voice	voice
silencio	silence	silence
olor	smell / odor	smell / odor
sabor	taste / flavor	taste / flavor
tacto	touch	touch
calor	heat / warmth	heat / warmth
frío	cold	cold
fuego	fire	fire
agua	water	water
aire	air	air
tierra	earth / land	earth / land
hierro	iron	iron
oro	gold	gold
plata	silver	silver
metal	metal	metal
madera	wood	wood
piedra	stone	stone
vidrio	glass (material)	glass
plástico	plastic	plastic
tela	fabric / cloth	fabric / cloth
papel	paper	paper
cuero	leather	leather
algodón	cotton	cotton
lana	wool	wool
seda	silk	silk
gente	people	people
persona	person	person
ser	being	being
humano	human	human
individuo	individual	individual
público	public	public
multitud	crowd	crowd
familia	family	family
amigo	friend	friend
compañero	companion / partner	companion / partner
conocido	acquaintance	acquaintance
desconocido	stranger	stranger
invitado	guest	guest
dueño	owner	owner
extraño	stranger	stranger
nombre	name	name
apellido	last name / surname	last name / surname
edad	age	age
sexo	sex / gender	sex / gender
altura	height	height
aspecto	appearance / aspect	appearance / aspect
cabeza	head	head
cara	face	face
cuerpo	body	body
mano	hand	hand
brazo	arm	arm
mente	mind	mind
corazón	heart	heart
sentimiento	feeling	feeling
emoción	emotion	emotion
ánimo	mood / spirits	mood / spirits
humor	mood / humor	mood / humor
personalidad	personality	personality
actitud	attitude	attitude
comportamiento	behavior	behavior / behaviour
relación	relationship	relationship
amistad	friendship	friendship
amor	love	love
matrimonio	marriage	marriage
boda	wedding	wedding
divorcio	divorce	divorce
cita	date / appointment	date / appointment
beso	kiss	kiss
abrazo	hug	hug
palabra	word	word
voz	voice	voice
grito	shout / scream	shout / scream
risa	laugh / laughter	laugh / laughter
llanto	crying	crying
lágrima	tear	tear
sonrisa	smile	smile
mirada	look / gaze	look / gaze
paso	step	step
salto	jump	jump
carrera	race / career	race / career
viaje	journey / trip	journey / trip
camino	way / road	way / road
vuelta	return / turn	return / turn
llegada	arrival	arrival
salida	exit / departure	exit / departure
entrada	entrance / ticket	entrance / ticket
comienzo	beginning / start	beginning / start
fin	end	end
empleo	use / job	use / job
necesidad	need	need
deseo	wish	wish
sueño	dream	dream
esperanza	hope	hope
temor	fear	fear
preocupación	worry / concern	worry / concern
problema	trouble	trouble
ayuda	help	help
favor	favor	favor / favour
servicio	service	service
regalo	gift / present	gift / present
sorpresa	surprise	surprise
suerte	luck	luck
premio	prize	prize
castigo	punishment	punishment
culpa	fault / blame / guilt	fault / blame / guilt
perdón	forgiveness / pardon	forgiveness / pardon
disculpa	apology / excuse	apology / excuse
razón	reason	reason
sentido	sense	sense
lógica	logic	logic
verdad	truth	truth
realidad	reality	reality
mundo	world	world
universo	universe	universe
naturaleza	nature	nature
medio ambiente	environment	environment
contaminación	pollution	pollution
basura	garbage / trash	garbage / trash / rubbish
energía	energy	energy
electricidad	electricity	electricity
luz	light	light
sombra	shade / shadow	shade / shadow
fuente	source / fountain	source / fountain
origen	origin	origin
comienzo	start	start
futuro	future	future
pasado	past	past
presente	present	present
época	era / time	era / time
edad	age / era	age / era
momento	moment	moment
instante	instant	instant
rato	while	while
período	period	period
plazo	deadline / term	deadline / term
horario	schedule / timetable	schedule / timetable
calendario	calendar	calendar
agenda	agenda / planner	agenda / planner
hora	hour	hour
reloj	clock	clock
cita	appointment	appointment
prisa	hurry / rush	hurry / rush
calma	calm	calm
descanso	rest / break	rest / break
vacaciones	vacation / holidays	vacation / holidays
ocio	leisure	leisure
diversión	fun	fun
aburrimiento	boredom	boredom
juego	game	game
juguete	toy	toy
muñeca	doll	doll
pelota	ball	ball
fiesta	party	party
regalo	present	present
globo	balloon	balloon
vela	candle	candle
torta	cake	cake
dulce	candy / sweet	candy / sweet
caramelo	candy / sweet	candy / sweet
chiste	joke	joke
broma	joke / prank	joke / prank
juguete	toy	toy
parque	park	park
plaza	square	square
zoológico	zoo	zoo
museo	museum	museum
biblioteca	library	library
iglesia	church	church
castillo	castle	castle
torre	tower	tower
palacio	palace	palace
hotel	hotel	hotel
banco	bank	bank
correo	post office	post office
comisaría	police station	police station
cárcel	jail / prison	jail / prison
fábrica	factory	factory
granja	farm	farm
oficina	office	office
empresa	company	company
fábrica	factory	factory
negocio	business	business
mercado	market	market
centro comercial	mall / shopping center	mall / shopping center
tienda	shop / store	shop / store
quiosco	kiosk / newsstand	kiosk / newsstand
panadería	bakery	bakery
carnicería	butcher shop	butcher shop
peluquería	hairdresser's	hairdresser's
restaurante	restaurant	restaurant
bar	bar	bar
cafetería	cafe / cafeteria	cafe / cafeteria
gobierno	government	government
política	politics	politics
ley	law	law
justicia	justice	justice
tribunal	court	court
juez	judge	judge
abogado	lawyer	lawyer
policía	police	police
crimen	crime	crime
delito	crime / offense	crime / offense
guerra	war	war
paz	peace	peace
ejército	army	army
soldado	soldier	soldier
arma	weapon	weapon
victoria	victory	victory
derrota	defeat	defeat
acuerdo	agreement	agreement
tratado	treaty	treaty
contrato	contract	contract
documento	document	document
papel	paper / document	paper / document
firma	signature	signature
sello	stamp / seal	stamp / seal
carta	letter	letter
sobre	envelope	envelope
paquete	package / parcel	package / parcel
caja	box	box
dinero	money	money
billete	bill / note	bill / note
moneda	coin	coin
cuenta	account / bill	account / bill
deuda	debt	debt
préstamo	loan	loan
interés	interest	interest
ganancia	profit / gain	profit / gain
pérdida	loss	loss
gasto	expense	expense
ahorro	saving	saving
inversión	investment	investment
riqueza	wealth	wealth
pobreza	poverty	poverty
salario	salary	salary
trabajo	job / work	job / work
huelga	strike	strike
sindicato	union	union
economía	economy	economy
industria	industry	industry
comercio	trade / commerce	trade / commerce
agricultura	agriculture	agriculture
tecnología	technology	technology
ciencia	science	science
investigación	research	research
experimento	experiment	experiment
descubrimiento	discovery	discovery
invento	invention	invention
máquina	machine	machine
motor	engine	engine
herramienta	tool	tool
aparato	device / appliance	device / appliance
ordenador	computer	computer
programa	program	program
aplicación	application / app	application / app
archivo	file	file
sistema	system	system
dato	data	data
red	network	network
correo electrónico	email	email
contraseña	password	password
usuario	user	user
juego	game	game
salud	health	health
medicina	medicine	medicine
enfermedad	disease	disease
síntoma	symptom	symptom
dolor	pain	pain
herida	wound	wound
cura	cure	cure
tratamiento	treatment	treatment
operación	operation / surgery	operation / surgery
vacuna	vaccine	vaccine
médico	doctor	doctor
enfermera	nurse	nurse
paciente	patient	patient
hospital	hospital	hospital
clínica	clinic	clinic
farmacia	pharmacy	pharmacy
dieta	diet	diet
peso	weight	weight
educación	education	education
conocimiento	knowledge	knowledge
saber	knowledge	knowledge
sabiduría	wisdom	wisdom
inteligencia	intelligence	intelligence
talento	talent	talent
habilidad	skill / ability	skill / ability
capacidad	capacity / ability	capacity / ability
experiencia	experience	experience
práctica	practice	practice
ejercicio	exercise	exercise
estudio	study	study
escuela	school	school
clase	class	class
asignatura	subject	subject
título	degree / title	degree / title
nota	grade	grade
examen	exam	exam
diploma	diploma	diploma
arte	art	art
música	music	music
literatura	literature	literature
poesía	poetry	poetry
pintura	painting	painting
escultura	sculpture	sculpture
danza	dance	dance
canción	song	song
melodía	melody	melody
ritmo	rhythm	rhythm
nota	note (music)	note
voz	voice	voice
concierto	concert	concert
espectáculo	show	show
película	film / movie	film / movie
serie	series	series
programa	program / show	program / show
escena	scene	scene
papel	role	role
público	audience	audience
artista	artist	artist
estrella	star	star
fama	fame	fame
éxito	hit / success	hit / success
comida	food	food
bebida	drink	drink
hambre	hunger	hunger
sed	thirst	thirst
sabor	flavor	flavor
receta	recipe	recipe
ingrediente	ingredient	ingredient
ropa	clothes	clothes
moda	fashion	fashion
talla	size (clothing)	size
color	color	color
tela	cloth	cloth
zapato	shoe	shoe
bolsa	bag	bag
joya	jewel	jewel
maquillaje	makeup	makeup
perfume	perfume	perfume
animal	animal	animal
mascota	pet	pet
planta	plant	plant
flor	flower	flower
árbol	tree	tree
fruta	fruit	fruit
verdura	vegetable	vegetable
bosque	forest	forest
selva	jungle	jungle
campo	field	field
montaña	mountain	mountain
playa	beach	beach
mar	sea	sea
río	river	river
lago	lake	lake
isla	island	island
cielo	sky	sky
sol	sun	sun
luna	moon	moon
estrella	star	star
nube	cloud	cloud
lluvia	rain	rain
nieve	snow	snow
viento	wind	wind
tormenta	storm	storm
fuego	fire	fire
terremoto	earthquake	earthquake
inundación	flood	flood
desastre	disaster	disaster
accidente	accident	accident
emergencia	emergency	emergency
peligro	danger	danger
seguridad	safety	safety
protección	protection	protection
rescate	rescue	rescue
ayuda	aid / help	aid / help
nacimiento	birth	birth
infancia	childhood	childhood
juventud	youth	youth
vejez	old age	old age
muerte	death	death
funeral	funeral	funeral
tumba	grave / tomb	grave / tomb
vida	life	life
existencia	existence	existence
destino	destiny / fate	destiny / fate
suerte	fortune / luck	fortune / luck
futuro	future	future
esperanza	hope	hope
sueño	dream	dream
realidad	reality	reality
imaginación	imagination	imagination
fantasía	fantasy	fantasy
magia	magic	magic
misterio	mystery	mystery
sorpresa	surprise	surprise
aventura	adventure	adventure
peligro	danger	danger
miedo	fear	fear
valentía	bravery	bravery
fuerza	force / strength	force / strength
poder	power	power
energía	energy	energy
debilidad	weakness	weakness
cansancio	tiredness	tiredness
descanso	rest	rest
paz	peace	peace
guerra	war	war
lucha	fight / struggle	fight / struggle
batalla	battle	battle
enemigo	enemy	enemy
amigo	friend	friend
aliado	ally	ally
víctima	victim	victim
culpable	guilty / culprit	guilty / culprit
inocente	innocent	innocent
testigo	witness	witness
prueba	evidence / proof	evidence / proof
verdad	truth	truth
mentira	lie	lie
engaño	deception	deception
trampa	trap / trick	trap / trick
robo	robbery / theft	robbery / theft
asesinato	murder	murder
violencia	violence	violence
golpe	hit / blow	hit / blow
daño	damage / harm	damage / harm
herida	injury	injury
muerte	death	death
sangre	blood	blood
dolor	pain	pain
sufrimiento	suffering	suffering
lágrima	tear	tear
pena	sorrow / pity	sorrow / pity
alegría	joy	joy
felicidad	happiness	happiness
placer	pleasure	pleasure
satisfacción	satisfaction	satisfaction
orgullo	pride	pride
vergüenza	shame / embarrassment	shame / embarrassment
culpa	guilt	guilt
miedo	fear	fear
ansiedad	anxiety	anxiety
estrés	stress	stress
calma	calmness	calmness
tranquilidad	tranquility	tranquility
paciencia	patience	patience
confianza	trust / confidence	trust / confidence
duda	doubt	doubt
sospecha	suspicion	suspicion
curiosidad	curiosity	curiosity
interés	interest	interest
aburrimiento	boredom	boredom
gana	desire / urge	desire / urge
ánimo	encouragement / spirit	encouragement / spirit
